{"type":"FeatureCollection","features":[{"type":"Feature","properties":{"gid":"1","name":"Coast Range","l2":"Marine West Coast Forest","l1":"Marine West Coast Forest"},"geometry":{"type":"MultiPolygon","coordinates":[[[[-124.715,48.389],[-123.428,48.065],[-123.328,47.997],[-123.579,47.999],[-123.425,47.808],[-123.514,47.91],[-123.563,47.854],[-123.756,47.971],[-123.796,47.895],[-123.664,47.872],[-123.821,47.783],[-123.627,47.77],[-123.702,47.695],[-123.533,47.618],[-123.376,47.68],[-123.405,47.586],[-123.287,47.605],[-123.341,47.54],[-123.114,47.665],[-123.32,47.646],[-123.171,47.709],[-123.278,47.713],[-123.272,47.801],[-123.113,47.741],[-123.037,47.892],[-122.934,47.902],[-122.85,47.76],[-123.047,47.531],[-123.245,47.492],[-123.15,47.45],[-123.314,47.39],[-123.305,47.294],[-123.509,47.284],[-123.562,47.202],[-123.479,47.094],[-123.231,47.115],[-123.225,47.204],[-123.019,47.078],[-123.098,46.87],[-123.264,46.833],[-123.04,46.788],[-122.999,46.709],[-123.173,46.614],[-122.97,46.541],[-123.0,46.412],[-122.929,46.305],[-122.985,46.303],[-122.904,46.249],[-123.013,46.148],[-122.845,45.995],[-122.885,45.675],[-122.687,45.491],[-123.054,45.72],[-123.303,45.682],[-123.268,45.576],[-123.398,45.368],[-123.346,45.225],[-123.681,45.08],[-123.415,44.956],[-123.507,44.581],[-123.404,44.189],[-123.548,44.044],[-123.28,43.877],[-123.413,43.867],[-123.355,43.741],[-123.455,43.671],[-123.371,43.553],[-123.788,42.983],[-123.656,42.854],[-124.105,42.661],[-124.236,42.538],[-124.216,42.444],[-124.289,42.49],[-124.379,42.396],[-124.3,42.378],[-124.357,42.3],[-124.255,42.285],[-124.369,42.252],[-124.311,42.128],[-124.212,42.109],[-124.133,42.192],[-124.168,42.09],[-124.076,42.102],[-124.111,42.042],[-124.013,41.993],[-124.075,41.793],[-123.85,41.368],[-123.865,41.031],[-123.715,40.752],[-123.937,40.636],[-123.827,40.466],[-123.862,40.368],[-123.78,40.318],[-123.783,40.088],[-123.676,40.022],[-123.564,39.601],[-123.417,39.441],[-123.438,39.36],[-123.301,39.27],[-123.37,39.195],[-123.267,39.067],[-123.543,39.133],[-123.236,38.903],[-123.298,38.783],[-123.219,38.7],[-122.906,38.585],[-122.892,38.387],[-122.978,38.357],[-123.728,38.919],[-123.691,39.051],[-123.828,39.349],[-123.765,39.559],[-123.85,39.83],[-124.36,40.258],[-124.41,40.439],[-124.237,40.753],[-124.237,40.692],[-124.083,40.831],[-124.153,40.864],[-124.232,40.765],[-124.114,40.994],[-124.165,41.139],[-124.065,41.465],[-124.148,41.72],[-124.254,41.771],[-124.204,41.998],[-124.414,42.252],[-124.401,42.627],[-124.567,42.836],[-124.386,43.33],[-124.307,43.286],[-124.24,43.424],[-124.167,43.361],[-124.191,43.471],[-124.347,43.359],[-124.202,43.665],[-124.084,44.416],[-124.009,44.417],[-124.087,44.496],[-124.07,44.613],[-124.005,44.618],[-124.081,44.676],[-124.016,45.065],[-123.933,45.172],[-124.008,45.337],[-123.932,45.404],[-123.979,45.486],[-123.948,45.565],[-123.868,45.501],[-123.957,45.571],[-123.899,45.697],[-123.938,45.66],[-123.983,45.762],[-123.994,45.946],[-123.93,46.047],[-124.022,46.229],[-123.82,46.151],[-123.866,46.189],[-123.501,46.235],[-123.379,46.151],[-123.475,46.268],[-123.708,46.31],[-123.875,46.24],[-124.001,46.313],[-124.082,46.269],[-124.058,46.645],[-124.018,46.37],[-123.954,46.362],[-123.935,46.459],[-123.822,46.375],[-123.943,46.474],[-123.889,46.515],[-123.961,46.636],[-123.897,46.597],[-123.929,46.674],[-123.839,46.708],[-124.095,46.737],[-124.139,46.906],[-124.025,46.835],[-124.046,46.894],[-123.807,46.971],[-124.122,47.042],[-124.107,46.944],[-124.18,46.926],[-124.181,47.133],[-124.425,47.738],[-124.677,47.967],[-124.733,48.164],[-124.658,48.325],[-124.715,48.389]]],[[[-122.472,37.634],[-121.58,36.891],[-121.761,37.014],[-122.181,36.997],[-122.337,37.117],[-122.518,37.524],[-122.472,37.634]]],[[[-122.993,38.239],[-122.57,37.891],[-122.726,37.903],[-122.929,38.091],[-123.024,37.995],[-122.948,38.154],[-122.993,38.239]]]]}},{"type":"Feature","properties":{"gid":"10","name":"Columbia Plateau","l2":"Cold Deserts","l1":"North American Deserts"},"geometry":{"type":"MultiPolygon","coordinates":[[[[-119.469,49.0],[-119.303,49.0],[-119.409,48.891],[-119.214,48.685],[-119.463,48.602],[-119.249,48.501],[-119.496,48.517],[-119.202,48.357],[-119.431,48.363],[-119.239,48.2],[-119.328,48.181],[-119.296,48.135],[-118.842,48.224],[-118.87,48.018],[-118.97,47.958],[-118.74,47.921],[-118.688,47.978],[-118.411,47.843],[-118.221,47.952],[-118.037,47.814],[-117.684,47.868],[-117.366,47.54],[-117.107,47.54],[-116.931,47.416],[-117.091,47.267],[-116.936,47.309],[-116.776,47.08],[-116.86,47.055],[-116.968,47.147],[-117.013,47.014],[-116.654,46.946],[-117.003,46.874],[-117.027,46.802],[-116.925,46.722],[-116.995,46.672],[-116.816,46.613],[-116.625,46.379],[-116.743,46.232],[-116.925,46.201],[-117.058,46.074],[-117.429,46.205],[-117.408,46.273],[-117.546,46.36],[-117.61,46.273],[-117.784,46.317],[-117.822,46.232],[-118.156,46.079],[-118.122,45.843],[-118.35,45.811],[-118.429,45.647],[-118.613,45.575],[-118.499,45.41],[-119.11,45.224],[-119.367,45.245],[-119.792,45.062],[-120.392,45.049],[-120.429,44.961],[-120.508,45.087],[-120.576,44.954],[-121.065,44.807],[-120.984,44.925],[-121.133,44.986],[-121.1,45.025],[-121.192,44.975],[-121.147,45.043],[-121.3,45.042],[-121.415,45.147],[-121.257,45.229],[-121.145,45.45],[-121.282,45.615],[-120.893,45.893],[-120.586,45.792],[-120.41,45.84],[-120.352,45.992],[-120.658,46.054],[-120.984,46.423],[-120.87,46.6],[-120.962,46.647],[-120.853,46.769],[-120.904,46.806],[-120.744,46.789],[-120.785,46.918],[-120.67,46.956],[-120.772,46.993],[-120.792,47.154],[-120.242,47.104],[-120.252,47.312],[-120.395,47.359],[-120.508,47.515],[-120.273,47.599],[-120.35,47.688],[-120.247,47.695],[-120.144,47.855],[-120.019,47.838],[-120.184,47.95],[-119.974,47.847],[-119.98,47.949],[-119.885,47.944],[-120.253,48.284],[-120.098,48.322],[-120.263,48.329],[-120.309,48.527],[-120.22,48.603],[-119.998,48.415],[-120.048,48.189],[-119.809,48.163],[-119.808,48.295],[-119.58,48.446],[-119.772,48.55],[-119.546,48.523],[-119.592,48.595],[-119.52,48.651],[-119.616,48.827],[-119.448,48.834],[-119.503,48.97],[-119.669,48.934],[-119.712,49.0],[-119.469,49.0]]],[[[-116.392,46.486],[-116.244,46.439],[-116.17,46.323],[-116.215,46.279],[-116.071,46.242],[-116.233,46.16],[-116.042,46.195],[-116.016,46.109],[-116.138,46.078],[-116.008,46.067],[-116.047,46.002],[-115.968,45.961],[-116.254,45.836],[-116.374,45.934],[-116.253,45.935],[-116.597,46.077],[-116.683,46.234],[-116.522,46.188],[-116.481,46.342],[-116.314,46.351],[-116.39,46.458],[-116.273,46.292],[-116.292,46.445],[-116.392,46.486]]],[[[-115.894,46.135],[-115.842,46.063],[-115.944,45.961],[-115.969,46.113],[-115.876,46.051],[-115.894,46.135]]]]}},{"type":"Feature","properties":{"gid":"11","name":"Blue Mountains","l2":"Western Cordillera","l1":"Northwestern Forested Mountains"},"geometry":{"type":"MultiPolygon","coordinates":[[[[-117.535,46.344],[-117.408,46.273],[-117.429,46.205],[-117.058,46.074],[-116.702,46.262],[-116.54,46.012],[-116.249,45.932],[-116.374,45.934],[-116.15,45.805],[-116.229,45.653],[-116.118,45.636],[-116.271,45.543],[-116.287,45.441],[-116.216,45.4],[-116.337,45.367],[-116.322,44.964],[-116.247,44.917],[-116.493,44.823],[-116.51,44.681],[-116.733,44.609],[-116.705,44.545],[-116.8,44.517],[-116.827,44.371],[-116.911,44.416],[-116.988,44.317],[-117.123,44.371],[-117.156,44.284],[-117.312,44.388],[-117.317,44.261],[-117.571,44.275],[-117.453,44.044],[-117.756,44.078],[-117.884,44.016],[-117.807,43.861],[-117.984,43.892],[-118.098,43.795],[-118.355,43.92],[-118.389,43.819],[-118.682,43.982],[-118.565,43.728],[-118.655,43.621],[-119.082,43.651],[-119.105,43.53],[-119.273,43.533],[-119.68,43.688],[-119.873,43.644],[-120.029,43.931],[-120.223,43.699],[-120.332,43.791],[-120.267,43.856],[-120.439,43.905],[-120.714,43.961],[-121.099,43.882],[-121.123,44.026],[-121.316,44.059],[-121.541,44.286],[-121.412,44.511],[-121.46,44.625],[-121.368,44.661],[-121.451,44.901],[-121.361,44.959],[-121.427,45.003],[-121.392,45.08],[-121.147,45.043],[-121.218,45.009],[-121.178,44.971],[-121.082,45.019],[-121.135,44.989],[-120.979,44.914],[-121.072,44.815],[-120.984,44.797],[-120.549,44.969],[-120.508,45.087],[-120.426,44.961],[-120.392,45.049],[-119.792,45.062],[-119.336,45.253],[-119.11,45.224],[-118.927,45.329],[-118.704,45.336],[-118.499,45.41],[-118.621,45.561],[-118.429,45.647],[-118.362,45.802],[-118.12,45.844],[-118.156,46.079],[-117.822,46.232],[-117.784,46.317],[-117.61,46.273],[-117.616,46.343],[-117.535,46.344]]]]}},{"type":"Feature","properties":{"gid":"12","name":"Snake River Plain","l2":"Cold Deserts","l1":"North American Deserts"},"geometry":{"type":"MultiPolygon","coordinates":[[[[-116.388,44.721],[-116.318,44.681],[-116.319,44.382],[-116.203,44.338],[-116.273,43.919],[-116.414,43.905],[-116.38,43.821],[-116.15,43.669],[-116.061,43.512],[-115.65,43.261],[-114.902,43.417],[-114.468,43.347],[-114.435,43.401],[-114.323,43.326],[-114.273,43.445],[-114.355,43.614],[-114.177,43.371],[-113.962,43.273],[-113.986,43.369],[-113.653,43.393],[-113.56,43.527],[-113.023,43.669],[-112.385,44.294],[-111.996,44.349],[-111.938,44.386],[-111.984,44.452],[-111.885,44.484],[-111.425,44.486],[-111.709,44.361],[-111.505,44.138],[-111.177,44.043],[-111.01,43.762],[-111.102,43.569],[-111.341,43.821],[-111.647,43.671],[-111.643,43.605],[-111.45,43.569],[-111.437,43.487],[-111.636,43.549],[-111.704,43.432],[-111.658,43.362],[-111.995,43.373],[-112.024,43.255],[-112.374,43.137],[-112.446,42.934],[-112.403,42.819],[-112.555,42.901],[-113.048,42.63],[-113.223,42.623],[-113.303,42.471],[-113.567,42.512],[-113.899,42.217],[-114.098,42.388],[-114.508,42.457],[-114.598,42.404],[-114.687,42.506],[-114.886,42.472],[-115.549,42.821],[-115.723,42.612],[-116.16,42.748],[-116.581,43.007],[-116.723,43.39],[-117.066,43.585],[-117.126,43.77],[-117.326,43.833],[-117.444,43.773],[-117.482,43.869],[-117.694,43.789],[-117.45,44.052],[-117.571,44.275],[-117.317,44.261],[-117.312,44.388],[-117.156,44.284],[-117.123,44.371],[-116.988,44.317],[-116.911,44.416],[-116.827,44.371],[-116.8,44.517],[-116.705,44.545],[-116.733,44.609],[-116.478,44.712],[-116.489,44.827],[-116.39,44.811],[-116.388,44.721]]]]}},{"type":"Feature","properties":{"gid":"13","name":"Central Basin and Range","l2":"Cold Deserts","l1":"North American Deserts"},"geometry":{"type":"MultiPolygon","coordinates":[[[[-118.296,41.919],[-118.068,41.616],[-118.057,41.459],[-117.969,41.718],[-117.797,41.807],[-117.703,41.762],[-117.776,41.425],[-117.685,41.317],[-117.545,41.574],[-117.373,41.544],[-117.347,41.457],[-117.112,41.517],[-117.036,41.167],[-116.506,41.362],[-116.289,41.214],[-116.346,41.093],[-116.271,40.971],[-116.178,41.171],[-115.934,41.319],[-115.946,41.489],[-115.831,41.708],[-115.768,41.601],[-115.632,41.585],[-115.616,41.494],[-115.546,41.554],[-115.554,41.743],[-115.378,41.424],[-115.316,41.65],[-115.144,41.624],[-114.958,41.177],[-114.811,41.246],[-114.433,41.088],[-114.245,41.153],[-114.181,41.45],[-113.952,41.469],[-113.966,41.68],[-113.867,41.719],[-113.849,41.491],[-113.683,41.455],[-113.688,41.64],[-113.581,41.8],[-113.203,41.827],[-112.94,42.104],[-112.775,41.988],[-112.675,42.111],[-112.604,41.976],[-112.541,42.029],[-112.434,41.971],[-112.384,42.278],[-112.22,42.256],[-112.181,41.979],[-112.074,41.896],[-112.117,41.996],[-112.069,42.084],[-111.999,42.061],[-112.0,42.362],[-111.766,42.208],[-111.804,42.066],[-111.729,42.026],[-111.802,41.847],[-111.783,41.468],[-112.082,41.745],[-111.987,41.51],[-112.025,41.366],[-111.895,41.135],[-111.851,40.884],[-111.915,40.811],[-111.78,40.675],[-111.901,40.463],[-111.758,40.472],[-111.549,40.145],[-111.803,39.942],[-111.827,39.563],[-111.916,39.403],[-111.814,39.208],[-111.692,39.251],[-111.712,39.077],[-111.93,38.739],[-112.187,38.517],[-112.276,38.6],[-112.019,38.891],[-112.122,39.216],[-112.179,39.199],[-112.175,39.083],[-112.386,38.772],[-112.579,38.689],[-112.584,38.257],[-112.502,38.119],[-112.665,38.083],[-112.761,37.878],[-113.045,37.721],[-113.238,37.402],[-113.353,37.498],[-113.618,37.388],[-113.528,37.216],[-113.629,37.278],[-113.673,37.196],[-113.779,37.218],[-113.97,37.357],[-114.33,37.236],[-114.365,37.387],[-114.442,37.352],[-114.583,37.485],[-114.607,37.334],[-114.746,37.255],[-114.822,37.237],[-114.849,37.317],[-115.243,37.079],[-115.355,37.135],[-115.325,37.009],[-115.565,37.254],[-115.895,37.172],[-116.047,37.29],[-116.198,37.08],[-116.331,37.155],[-116.353,37.043],[-116.452,37.009],[-116.537,37.136],[-116.72,37.049],[-116.836,37.108],[-116.92,36.93],[-117.074,36.955],[-117.107,37.161],[-117.276,37.03],[-117.449,37.148],[-117.448,37.256],[-117.906,37.374],[-117.965,37.3],[-117.889,37.098],[-117.69,36.987],[-117.733,36.895],[-117.866,36.966],[-117.949,36.888],[-117.69,36.501],[-117.779,36.442],[-117.898,36.519],[-118.137,36.844],[-118.089,36.5],[-118.27,36.73],[-118.399,37.312],[-118.546,37.387],[-118.611,37.313],[-118.653,37.544],[-118.92,37.625],[-118.843,37.703],[-118.921,37.749],[-118.625,37.761],[-118.972,37.901],[-119.049,37.818],[-119.127,37.865],[-119.321,38.244],[-119.457,38.261],[-119.46,38.499],[-119.582,38.558],[-119.608,38.718],[-119.826,38.739],[-119.815,39.338],[-119.857,39.475],[-119.97,39.514],[-119.875,39.582],[-120.054,39.636],[-120.174,39.786],[-120.211,39.638],[-120.334,39.678],[-120.34,39.572],[-120.412,39.573],[-120.427,39.831],[-120.099,39.815],[-120.029,39.938],[-120.57,40.336],[-120.707,40.359],[-120.668,40.43],[-120.454,40.453],[-119.893,40.239],[-119.92,40.516],[-119.854,40.545],[-119.84,40.719],[-119.653,40.658],[-119.536,40.824],[-119.383,40.669],[-119.299,40.754],[-119.413,40.916],[-119.335,40.982],[-119.209,40.942],[-119.16,41.037],[-119.24,41.394],[-119.135,41.415],[-119.118,41.272],[-118.976,41.159],[-118.79,41.497],[-118.617,41.471],[-118.563,41.541],[-118.601,41.847],[-118.277,41.54],[-118.296,41.919]]]]}},{"type":"Feature","properties":{"gid":"14","name":"Mojave Basin and Range","l2":"Warm Deserts","l1":"North American Deserts"},"geometry":{"type":"MultiPolygon","coordinates":[[[[-117.832,37.327],[-117.448,37.256],[-117.449,37.148],[-117.267,37.028],[-117.107,37.161],[-117.074,36.955],[-116.92,36.93],[-116.836,37.108],[-116.72,37.049],[-116.537,37.136],[-116.452,37.009],[-116.353,37.043],[-116.331,37.155],[-116.198,37.08],[-116.047,37.29],[-115.895,37.172],[-115.565,37.254],[-115.325,37.009],[-115.355,37.135],[-115.243,37.079],[-114.849,37.317],[-114.822,37.237],[-114.746,37.255],[-114.607,37.334],[-114.583,37.485],[-114.442,37.352],[-114.365,37.387],[-114.325,37.235],[-113.972,37.356],[-113.677,37.196],[-113.631,37.277],[-113.463,37.216],[-113.283,37.313],[-113.359,36.913],[-113.782,36.934],[-113.933,36.715],[-114.174,36.604],[-114.066,36.531],[-114.012,36.642],[-113.776,36.611],[-113.725,36.53],[-113.866,36.11],[-113.643,36.033],[-113.644,35.974],[-113.592,36.072],[-113.532,36.004],[-113.478,36.074],[-113.544,35.954],[-113.444,35.895],[-113.469,35.838],[-113.383,35.915],[-113.45,35.913],[-113.389,36.054],[-113.435,36.228],[-113.32,36.206],[-113.327,36.281],[-113.264,36.182],[-113.241,36.275],[-113.049,36.168],[-113.222,36.009],[-113.288,36.029],[-113.228,35.961],[-113.286,35.771],[-113.219,35.735],[-113.386,35.69],[-113.409,35.592],[-113.48,35.609],[-113.406,35.733],[-113.553,35.73],[-113.6,35.811],[-113.571,35.708],[-113.682,35.652],[-113.639,35.743],[-113.77,35.739],[-113.694,35.816],[-113.808,35.85],[-113.735,35.911],[-113.833,35.912],[-113.798,36.0],[-113.932,36.074],[-114.0,35.909],[-113.942,35.876],[-114.075,35.819],[-113.862,35.734],[-113.885,35.655],[-113.65,35.376],[-113.663,35.302],[-113.799,35.383],[-113.781,35.165],[-113.936,35.181],[-114.017,35.077],[-114.003,34.89],[-113.938,34.911],[-113.929,34.768],[-113.727,34.648],[-113.736,34.538],[-113.801,34.591],[-113.833,34.459],[-113.993,34.474],[-114.11,34.822],[-114.463,34.747],[-114.761,34.532],[-114.764,34.35],[-114.661,34.312],[-114.681,34.222],[-114.839,34.307],[-114.783,34.122],[-114.961,34.262],[-115.002,34.431],[-115.186,34.279],[-115.273,34.343],[-115.375,34.118],[-115.456,34.108],[-115.297,34.006],[-115.496,33.866],[-115.488,33.737],[-115.924,33.678],[-116.14,33.766],[-116.225,33.909],[-116.589,34.012],[-116.64,33.951],[-116.484,34.144],[-116.565,34.267],[-116.806,34.373],[-117.171,34.416],[-117.285,34.304],[-117.483,34.311],[-118.731,34.785],[-118.073,35.219],[-118.018,35.295],[-118.115,35.535],[-118.055,35.508],[-117.877,35.657],[-118.172,36.813],[-118.084,36.843],[-117.998,36.611],[-117.816,36.459],[-117.69,36.501],[-117.949,36.893],[-117.873,36.966],[-117.749,36.892],[-117.696,36.95],[-117.779,37.086],[-117.889,37.098],[-117.959,37.26],[-117.913,37.372],[-117.832,37.327]]]]}},{"type":"Feature","properties":{"gid":"15","name":"Northern Rockies","l2":"Western Cordillera","l1":"Northwestern Forested Mountains"},"geometry":{"type":"MultiPolygon","coordinates":[[[[-119.22,49.0],[-115.027,49.0],[-114.757,48.692],[-114.518,48.581],[-114.583,48.698],[-114.412,48.488],[-114.15,48.435],[-114.119,48.269],[-113.814,47.931],[-113.581,47.433],[-113.722,47.375],[-113.886,47.942],[-114.03,47.942],[-114.013,47.378],[-113.85,47.225],[-113.989,47.157],[-114.055,47.0],[-114.597,47.182],[-114.381,47.009],[-114.248,46.998],[-114.116,46.855],[-114.107,46.688],[-114.412,46.734],[-114.585,46.653],[-114.689,46.742],[-114.906,46.49],[-115.028,46.523],[-115.656,46.162],[-115.928,46.141],[-115.869,46.059],[-115.968,46.115],[-115.968,45.961],[-116.047,46.002],[-116.008,46.067],[-116.138,46.078],[-116.016,46.109],[-116.042,46.195],[-116.232,46.158],[-116.067,46.234],[-116.215,46.279],[-116.173,46.333],[-116.287,46.472],[-116.4,46.483],[-116.292,46.445],[-116.275,46.288],[-116.388,46.459],[-116.314,46.351],[-116.481,46.342],[-116.522,46.188],[-116.703,46.219],[-116.725,46.295],[-116.626,46.386],[-116.816,46.613],[-116.993,46.668],[-116.925,46.722],[-117.027,46.807],[-116.91,46.913],[-116.654,46.95],[-117.013,47.014],[-117.009,47.131],[-116.854,47.054],[-116.775,47.11],[-116.94,47.311],[-117.091,47.267],[-116.925,47.408],[-117.107,47.54],[-117.366,47.54],[-117.684,47.868],[-118.037,47.814],[-118.221,47.952],[-118.411,47.843],[-118.688,47.978],[-118.74,47.921],[-118.97,47.958],[-118.87,48.018],[-118.842,48.224],[-119.296,48.135],[-119.328,48.181],[-119.239,48.2],[-119.431,48.363],[-119.202,48.357],[-119.496,48.517],[-119.249,48.501],[-119.463,48.602],[-119.218,48.67],[-119.41,48.895],[-119.22,49.0]]]]}},{"type":"Feature","properties":{"gid":"16","name":"Idaho Batholith","l2":"Western Cordillera","l1":"Northwestern Forested Mountains"},"geometry":{"type":"MultiPolygon","coordinates":[[[[-114.631,46.746],[-114.585,46.653],[-114.412,46.734],[-114.107,46.688],[-114.241,46.365],[-114.225,46.047],[-114.136,45.914],[-114.076,45.904],[-114.112,46.071],[-113.811,46.061],[-113.758,46.119],[-113.813,46.212],[-113.692,46.237],[-113.627,46.158],[-113.695,46.11],[-113.652,45.972],[-113.378,45.939],[-113.425,45.818],[-113.639,45.745],[-113.699,45.571],[-113.999,45.472],[-113.924,45.299],[-113.938,45.008],[-114.068,44.928],[-114.038,44.843],[-114.137,44.757],[-114.276,44.758],[-114.343,44.548],[-114.269,44.428],[-114.392,44.268],[-114.305,44.171],[-114.431,44.174],[-114.193,44.056],[-114.212,43.944],[-114.057,43.967],[-113.926,43.876],[-113.946,43.723],[-113.767,43.768],[-113.737,43.63],[-113.806,43.577],[-113.549,43.493],[-113.653,43.393],[-113.986,43.369],[-113.972,43.272],[-114.177,43.371],[-114.355,43.614],[-114.273,43.445],[-114.323,43.326],[-114.435,43.401],[-114.468,43.347],[-114.902,43.417],[-115.65,43.261],[-116.061,43.512],[-116.414,43.905],[-116.273,43.918],[-116.203,44.337],[-116.319,44.382],[-116.318,44.681],[-116.401,44.733],[-116.347,44.899],[-116.247,44.917],[-116.322,44.964],[-116.337,45.367],[-116.216,45.4],[-116.287,45.441],[-116.271,45.543],[-116.118,45.636],[-116.229,45.653],[-116.14,45.767],[-116.238,45.86],[-115.917,45.965],[-115.866,46.15],[-115.433,46.259],[-115.37,46.36],[-115.028,46.523],[-114.906,46.49],[-114.865,46.598],[-114.783,46.573],[-114.778,46.661],[-114.631,46.746]]]]}},{"type":"Feature","properties":{"gid":"17","name":"Middle Rockies","l2":"Western Cordillera","l1":"Northwestern Forested Mountains"},"geometry":{"type":"MultiPolygon","coordinates":[[[[-113.5,47.201],[-113.462,47.293],[-113.283,47.232],[-113.123,47.318],[-113.146,47.261],[-113.05,47.249],[-112.923,47.334],[-112.731,47.286],[-112.774,47.216],[-112.192,47.138],[-111.851,46.723],[-111.787,46.763],[-111.891,46.859],[-111.853,46.924],[-111.694,46.895],[-111.685,46.825],[-111.33,46.678],[-111.025,46.414],[-111.064,46.251],[-111.19,46.21],[-110.885,46.198],[-110.844,46.073],[-110.972,45.987],[-110.758,45.932],[-110.786,45.85],[-110.695,45.744],[-110.787,45.693],[-110.754,45.622],[-110.47,45.641],[-110.206,45.533],[-110.053,45.548],[-110.087,45.6],[-110.002,45.686],[-109.732,45.684],[-109.759,45.547],[-109.608,45.514],[-109.696,45.429],[-109.926,45.423],[-109.78,45.422],[-109.799,45.318],[-109.572,45.27],[-109.619,45.221],[-109.529,45.259],[-109.218,45.116],[-109.308,44.999],[-109.334,44.748],[-109.169,44.543],[-109.527,44.486],[-109.41,44.412],[-109.277,44.459],[-109.628,44.135],[-109.172,44.343],[-109.161,44.236],[-109.314,44.114],[-109.107,44.02],[-109.1,43.932],[-108.885,43.887],[-109.191,43.577],[-109.308,43.596],[-109.338,43.694],[-109.669,43.645],[-109.835,43.731],[-109.821,43.659],[-109.911,43.647],[-109.519,43.454],[-108.798,42.741],[-108.773,42.628],[-108.539,42.489],[-108.895,42.482],[-109.356,42.603],[-109.548,42.818],[-109.996,43.08],[-110.005,43.366],[-110.04,43.187],[-110.38,43.03],[-110.361,42.942],[-110.465,42.822],[-110.304,42.26],[-110.409,42.291],[-110.427,42.115],[-110.521,42.281],[-110.607,41.899],[-110.675,42.149],[-110.756,42.163],[-110.775,42.01],[-110.82,42.061],[-110.861,42.0],[-110.85,42.243],[-110.938,42.106],[-111.048,42.42],[-111.183,42.448],[-111.18,42.345],[-111.255,42.359],[-111.491,42.63],[-111.54,42.715],[-111.474,42.989],[-111.728,43.242],[-111.643,43.386],[-111.687,43.514],[-111.433,43.499],[-111.654,43.667],[-111.341,43.821],[-111.102,43.569],[-111.01,43.762],[-111.177,44.043],[-111.505,44.138],[-111.709,44.361],[-111.425,44.486],[-111.885,44.484],[-111.984,44.452],[-111.938,44.386],[-111.996,44.349],[-112.375,44.299],[-113.02,43.67],[-113.57,43.511],[-113.806,43.577],[-113.739,43.62],[-113.753,43.75],[-113.946,43.723],[-113.921,43.867],[-114.027,43.954],[-114.216,43.947],[-114.193,44.056],[-114.431,44.174],[-114.305,44.171],[-114.392,44.268],[-114.269,44.428],[-114.343,44.548],[-114.276,44.758],[-114.137,44.757],[-114.038,44.843],[-114.068,44.928],[-113.938,45.008],[-113.924,45.299],[-113.999,45.472],[-113.699,45.571],[-113.639,45.745],[-113.425,45.818],[-113.378,45.939],[-113.652,45.972],[-113.695,46.11],[-113.627,46.158],[-113.689,46.237],[-113.813,46.212],[-113.758,46.119],[-113.811,46.061],[-114.112,46.071],[-114.078,45.902],[-114.188,45.959],[-114.241,46.365],[-114.101,46.821],[-114.251,47.0],[-114.381,47.009],[-114.597,47.182],[-114.055,47.0],[-113.924,47.199],[-113.614,47.203],[-113.599,47.35],[-113.5,47.201]]],[[[-104.404,44.964],[-103.994,44.625],[-103.663,44.62],[-103.242,44.157],[-103.23,43.813],[-103.481,43.244],[-103.587,43.316],[-103.741,43.257],[-103.812,43.415],[-103.905,43.403],[-104.035,43.558],[-104.132,43.807],[-104.302,43.893],[-104.51,44.17],[-104.678,44.162],[-104.897,44.453],[-104.893,44.784],[-104.404,44.964]]],[[[-107.967,45.252],[-107.735,45.004],[-107.459,44.928],[-107.185,44.694],[-106.897,44.591],[-106.922,44.458],[-106.787,44.337],[-106.812,43.906],[-106.945,43.998],[-106.906,43.918],[-107.064,43.715],[-107.136,43.755],[-107.115,43.951],[-107.432,44.192],[-107.396,44.242],[-107.523,44.441],[-108.013,44.823],[-107.963,44.968],[-108.131,45.181],[-107.967,45.252]]],[[[-111.149,47.098],[-111.001,47.176],[-110.803,47.108],[-110.568,47.155],[-110.293,46.988],[-110.342,46.881],[-110.255,46.8],[-109.832,46.699],[-110.36,46.623],[-110.444,46.565],[-110.431,46.448],[-110.572,46.494],[-110.771,46.394],[-110.848,46.452],[-110.775,46.561],[-110.452,46.543],[-110.673,46.699],[-110.849,46.658],[-111.162,46.777],[-110.984,46.849],[-111.226,46.888],[-111.187,46.795],[-111.253,46.821],[-111.324,46.899],[-111.305,47.142],[-111.188,47.165],[-111.149,47.098]]],[[[-109.411,47.033],[-109.304,46.923],[-108.896,46.936],[-108.989,46.836],[-108.859,46.75],[-109.25,46.649],[-109.543,46.686],[-109.653,46.79],[-109.528,46.837],[-109.59,46.893],[-109.411,47.033]]],[[[-110.544,46.386],[-110.397,46.273],[-110.221,46.284],[-110.244,46.164],[-110.159,46.118],[-110.136,45.961],[-110.487,45.988],[-110.459,46.159],[-110.583,46.211],[-110.544,46.386]]],[[[-108.631,45.349],[-108.41,45.362],[-108.27,45.034],[-108.62,45.11],[-108.698,45.286],[-108.631,45.349]]],[[[-111.975,47.307],[-111.961,47.221],[-111.833,47.266],[-111.822,47.173],[-111.569,47.12],[-111.579,47.041],[-111.724,47.02],[-111.684,46.941],[-111.845,46.965],[-111.932,47.133],[-112.067,47.2],[-111.975,47.307]]],[[[-109.713,48.343],[-109.609,48.241],[-109.441,48.301],[-109.368,48.247],[-109.782,48.064],[-109.877,48.202],[-109.743,48.289],[-109.829,48.313],[-109.713,48.343]]],[[[-110.592,47.551],[-110.397,47.489],[-110.474,47.458],[-110.437,47.404],[-110.714,47.398],[-110.641,47.487],[-110.702,47.535],[-110.592,47.551]]],[[[-108.585,48.028],[-108.401,47.961],[-108.686,47.841],[-108.681,48.014],[-108.585,48.028]]],[[[-109.205,47.25],[-109.017,47.244],[-109.158,47.203],[-109.261,47.082],[-109.174,47.031],[-109.224,47.005],[-109.379,47.145],[-109.205,47.25]]],[[[-109.04,48.262],[-109.101,48.15],[-109.247,48.203],[-109.04,48.262]]]]}},{"type":"Feature","properties":{"gid":"18","name":"Wyoming Basin","l2":"Cold Deserts","l1":"North American Deserts"},"geometry":{"type":"MultiPolygon","coordinates":[[[[-108.849,45.237],[-108.664,45.249],[-108.607,45.103],[-108.137,45.007],[-107.98,44.887],[-108.007,44.815],[-107.523,44.441],[-107.396,44.242],[-107.431,44.19],[-107.115,43.951],[-107.124,43.72],[-106.993,43.769],[-106.906,43.918],[-106.941,43.999],[-106.668,43.727],[-106.809,43.622],[-106.756,43.49],[-106.907,43.329],[-106.403,42.769],[-106.59,42.734],[-106.422,42.65],[-106.411,42.457],[-106.294,42.393],[-105.958,42.41],[-105.754,42.194],[-105.664,42.195],[-105.638,42.061],[-105.698,42.017],[-105.446,41.993],[-105.493,41.872],[-105.432,41.837],[-105.54,41.663],[-105.515,41.012],[-105.623,41.081],[-105.771,40.929],[-105.916,40.957],[-105.85,40.874],[-105.941,40.835],[-106.082,40.967],[-105.949,41.105],[-105.988,41.213],[-106.04,41.282],[-106.093,41.2],[-106.143,41.243],[-106.022,41.425],[-106.256,41.62],[-106.533,41.516],[-106.478,41.612],[-106.551,41.729],[-106.657,41.669],[-106.57,41.392],[-106.615,41.272],[-106.449,41.045],[-106.839,41.189],[-107.4,41.543],[-107.509,41.258],[-107.385,40.982],[-107.516,40.954],[-107.525,40.747],[-107.165,40.533],[-107.13,40.389],[-107.013,40.41],[-107.122,40.354],[-107.219,40.434],[-107.304,40.382],[-107.543,40.453],[-107.703,40.383],[-107.597,40.341],[-107.606,40.232],[-107.69,40.203],[-107.76,40.292],[-107.963,40.289],[-108.003,40.479],[-108.262,40.414],[-108.383,40.56],[-108.806,40.614],[-108.951,40.787],[-109.379,40.972],[-109.719,40.937],[-109.915,40.998],[-110.21,40.932],[-110.3,40.998],[-110.192,41.136],[-110.488,41.059],[-110.6,41.138],[-110.792,41.058],[-110.808,40.943],[-110.979,40.948],[-111.089,40.973],[-111.091,41.19],[-111.259,41.146],[-111.447,42.313],[-111.345,42.462],[-111.189,42.341],[-111.191,42.444],[-111.073,42.437],[-110.938,42.106],[-110.847,42.239],[-110.861,42.0],[-110.82,42.061],[-110.775,42.01],[-110.756,42.163],[-110.675,42.149],[-110.604,41.901],[-110.521,42.281],[-110.427,42.115],[-110.409,42.291],[-110.303,42.262],[-110.466,42.818],[-110.361,42.942],[-110.387,43.02],[-110.043,43.184],[-110.007,43.365],[-109.996,43.08],[-109.548,42.818],[-109.356,42.603],[-108.895,42.482],[-108.536,42.493],[-108.773,42.628],[-108.798,42.741],[-109.519,43.454],[-109.913,43.655],[-109.821,43.659],[-109.835,43.731],[-109.669,43.645],[-109.338,43.694],[-109.308,43.596],[-109.193,43.577],[-108.901,43.826],[-108.956,43.859],[-108.892,43.909],[-109.094,43.929],[-109.107,44.02],[-109.315,44.116],[-109.161,44.236],[-109.167,44.341],[-109.629,44.139],[-109.277,44.459],[-109.41,44.412],[-109.527,44.486],[-109.169,44.537],[-109.333,44.744],[-109.308,44.999],[-109.217,45.114],[-109.036,45.098],[-109.072,45.21],[-108.849,45.237]]]]}},{"type":"Feature","properties":{"gid":"19","name":"Wasatch and Uinta Mountains","l2":"Western Cordillera","l1":"Northwestern Forested Mountains"},"geometry":{"type":"MultiPolygon","coordinates":[[[[-111.445,42.516],[-111.432,42.58],[-111.312,42.471],[-111.448,42.308],[-111.259,41.146],[-111.084,41.184],[-111.081,40.964],[-110.822,40.937],[-110.792,41.058],[-110.603,41.138],[-110.488,41.059],[-110.201,41.137],[-110.3,40.998],[-110.21,40.932],[-109.905,40.998],[-109.719,40.937],[-109.379,40.972],[-109.248,40.886],[-109.613,40.589],[-110.092,40.614],[-110.378,40.528],[-110.515,40.597],[-110.457,40.521],[-110.582,40.519],[-110.594,40.383],[-110.819,40.487],[-110.975,40.455],[-110.747,40.371],[-110.78,40.323],[-110.875,40.369],[-110.955,40.29],[-111.089,40.361],[-110.854,40.159],[-111.031,40.093],[-110.441,39.806],[-110.63,39.721],[-110.941,39.805],[-111.227,39.538],[-111.099,39.323],[-111.232,39.383],[-111.189,39.286],[-111.266,39.283],[-111.141,39.203],[-111.216,39.189],[-111.238,39.016],[-111.431,38.909],[-111.383,38.626],[-111.465,38.58],[-111.413,38.348],[-111.481,38.291],[-111.312,38.145],[-111.288,38.017],[-111.788,37.9],[-111.9,37.671],[-111.97,37.88],[-111.984,37.725],[-112.142,37.673],[-112.326,37.419],[-112.646,37.408],[-112.785,37.502],[-112.839,37.411],[-113.029,37.457],[-113.058,37.356],[-113.155,37.606],[-112.761,37.878],[-112.665,38.083],[-112.501,38.121],[-112.584,38.257],[-112.575,38.696],[-112.386,38.772],[-112.122,39.216],[-112.019,38.89],[-112.277,38.599],[-112.168,38.514],[-111.705,39.096],[-111.692,39.251],[-111.814,39.208],[-111.916,39.403],[-111.827,39.563],[-111.803,39.942],[-111.549,40.145],[-111.758,40.472],[-111.901,40.463],[-111.78,40.675],[-111.915,40.811],[-111.851,40.884],[-111.895,41.135],[-112.025,41.366],[-111.987,41.51],[-112.082,41.745],[-111.782,41.469],[-111.802,41.847],[-111.653,42.442],[-111.702,42.642],[-111.445,42.516]]],[[[-113.351,37.497],[-113.238,37.403],[-113.261,37.342],[-113.524,37.218],[-113.618,37.388],[-113.351,37.497]]],[[[-110.809,38.172],[-110.71,38.146],[-110.749,37.988],[-110.642,37.914],[-110.67,37.858],[-110.838,37.959],[-110.881,38.08],[-110.809,38.172]]]]}},{"type":"Feature","properties":{"gid":"2","name":"Puget Lowland","l2":"Marine West Coast Forest","l1":"Marine West Coast Forest"},"geometry":{"type":"MultiPolygon","coordinates":[[[[-122.729,49.002],[-122.175,49.002],[-122.353,48.752],[-122.206,48.532],[-122.021,48.501],[-122.206,48.412],[-122.062,48.33],[-122.124,48.319],[-121.981,48.217],[-121.985,48.123],[-121.858,48.116],[-121.927,48.101],[-121.903,48.013],[-121.626,47.846],[-121.808,47.784],[-121.726,47.443],[-122.082,47.511],[-121.839,47.414],[-121.921,47.351],[-121.88,47.161],[-122.158,47.06],[-122.288,46.865],[-122.463,46.782],[-122.843,46.848],[-122.669,46.746],[-122.761,46.721],[-122.712,46.669],[-122.492,46.601],[-122.652,46.4],[-122.63,46.288],[-122.823,46.217],[-122.845,46.146],[-122.756,46.128],[-122.821,46.064],[-122.735,46.062],[-122.804,46.017],[-122.768,45.952],[-123.013,46.148],[-122.904,46.249],[-122.985,46.303],[-122.929,46.305],[-123.0,46.412],[-122.974,46.548],[-123.172,46.61],[-123.016,46.649],[-123.035,46.782],[-123.264,46.838],[-123.102,46.867],[-122.926,47.147],[-122.91,47.044],[-122.907,47.141],[-122.842,47.164],[-122.823,47.092],[-122.815,47.178],[-122.732,47.071],[-122.548,47.318],[-122.359,47.262],[-122.445,47.306],[-122.324,47.35],[-122.421,47.576],[-122.336,47.601],[-122.436,47.662],[-122.307,47.948],[-122.15,48.017],[-122.343,48.098],[-122.393,48.231],[-122.479,48.176],[-122.357,48.056],[-122.512,48.133],[-122.531,48.249],[-122.365,48.309],[-122.535,48.376],[-122.548,48.448],[-122.657,48.408],[-122.703,48.494],[-122.473,48.452],[-122.561,48.583],[-122.425,48.6],[-122.511,48.666],[-122.485,48.752],[-122.673,48.733],[-122.647,48.785],[-122.793,48.893],[-122.747,48.931],[-122.822,48.943],[-122.729,49.002]]],[[[-122.602,47.934],[-122.525,47.912],[-122.472,47.75],[-122.559,47.77],[-122.59,47.69],[-122.653,47.746],[-122.608,47.568],[-122.709,47.614],[-122.623,47.569],[-122.698,47.526],[-122.555,47.591],[-122.496,47.513],[-122.566,47.264],[-122.696,47.282],[-122.629,47.412],[-122.736,47.346],[-122.771,47.168],[-122.827,47.406],[-122.936,47.205],[-123.07,47.211],[-123.017,47.262],[-123.095,47.208],[-122.938,47.198],[-123.081,47.092],[-122.919,47.174],[-123.017,47.067],[-123.225,47.204],[-123.231,47.115],[-123.492,47.104],[-123.561,47.241],[-123.305,47.294],[-123.314,47.39],[-123.15,47.45],[-123.241,47.495],[-123.047,47.531],[-123.135,47.325],[-122.843,47.433],[-123.12,47.391],[-122.965,47.586],[-122.755,47.665],[-122.608,47.857],[-122.564,47.822],[-122.602,47.934]]],[[[-123.56,48.151],[-123.249,48.116],[-123.103,48.185],[-123.185,48.147],[-123.005,48.023],[-123.041,48.081],[-122.916,48.096],[-122.888,47.989],[-122.827,48.044],[-122.884,48.106],[-122.754,48.144],[-122.801,48.086],[-122.609,47.888],[-122.813,47.682],[-122.813,47.86],[-122.844,47.779],[-122.931,47.808],[-122.934,47.902],[-123.288,47.89],[-123.206,47.955],[-123.444,47.96],[-123.326,48.001],[-123.6,48.095],[-123.56,48.151]]],[[[-122.655,48.402],[-122.504,48.3],[-122.734,48.228],[-122.606,48.208],[-122.542,48.016],[-122.525,48.097],[-122.376,48.034],[-122.379,47.905],[-122.478,47.997],[-122.547,47.967],[-122.612,48.155],[-122.77,48.224],[-122.655,48.402]]],[[[-122.938,48.71],[-122.742,48.661],[-122.83,48.6],[-122.91,48.694],[-122.873,48.595],[-123.028,48.612],[-122.938,48.71]]],[[[-123.152,48.624],[-122.979,48.534],[-123.023,48.494],[-122.963,48.45],[-123.145,48.508],[-123.152,48.624]]],[[[-122.46,47.487],[-122.374,47.388],[-122.519,47.334],[-122.46,47.487]]],[[[-122.884,48.573],[-122.812,48.422],[-122.946,48.465],[-122.884,48.573]]],[[[-122.529,47.703],[-122.477,47.583],[-122.577,47.6],[-122.529,47.703]]],[[[-122.849,47.3],[-122.879,47.163],[-122.919,47.276],[-122.849,47.3]]]]}},{"type":"Feature","properties":{"gid":"20","name":"Colorado Plateaus","l2":"Cold Deserts","l1":"North American Deserts"},"geometry":{"type":"MultiPolygon","coordinates":[[[[-109.026,40.817],[-108.806,40.614],[-108.383,40.56],[-108.227,40.403],[-108.004,40.48],[-107.961,40.287],[-107.682,40.248],[-107.744,40.131],[-107.668,40.011],[-107.903,39.914],[-107.891,39.725],[-107.408,39.571],[-107.623,39.355],[-107.719,39.363],[-107.807,39.489],[-107.974,39.454],[-108.132,39.262],[-107.945,39.316],[-107.783,39.268],[-108.285,39.062],[-108.19,38.871],[-107.936,38.973],[-107.748,38.882],[-107.526,38.922],[-107.57,38.499],[-107.432,38.39],[-107.538,38.347],[-107.693,38.411],[-107.721,38.274],[-107.642,38.206],[-107.698,38.095],[-107.913,38.154],[-107.809,38.195],[-108.317,38.553],[-108.591,38.606],[-108.586,38.755],[-108.886,38.741],[-108.636,38.463],[-108.166,38.2],[-108.238,38.159],[-108.181,37.931],[-108.535,37.99],[-108.389,37.86],[-108.529,37.771],[-108.793,37.884],[-108.698,37.647],[-108.469,37.588],[-108.509,37.464],[-108.419,37.409],[-108.04,37.29],[-108.001,37.143],[-107.842,37.325],[-107.504,37.24],[-107.523,37.06],[-107.276,36.917],[-107.331,36.6],[-107.646,36.593],[-107.779,36.764],[-107.971,36.853],[-108.283,36.771],[-108.378,36.877],[-108.613,36.722],[-109.055,36.985],[-109.093,36.879],[-109.283,36.882],[-109.43,36.766],[-109.575,36.82],[-109.581,36.661],[-109.84,36.821],[-110.088,36.748],[-110.137,36.66],[-110.405,36.672],[-110.412,36.934],[-110.728,36.863],[-110.907,36.948],[-110.955,36.875],[-110.853,36.793],[-111.106,36.816],[-111.122,36.714],[-111.567,36.79],[-111.615,36.858],[-111.862,36.692],[-112.038,36.765],[-112.121,37.0],[-112.42,36.737],[-112.693,36.624],[-112.671,36.565],[-112.812,36.583],[-112.953,36.481],[-113.39,36.589],[-113.456,36.791],[-113.301,37.0],[-113.283,37.313],[-113.177,37.534],[-113.058,37.356],[-113.029,37.457],[-112.839,37.411],[-112.785,37.502],[-112.7,37.419],[-112.37,37.405],[-112.252,37.461],[-112.142,37.673],[-111.991,37.717],[-111.97,37.88],[-111.9,37.671],[-111.788,37.9],[-111.288,38.017],[-111.312,38.145],[-111.481,38.291],[-111.413,38.348],[-111.465,38.58],[-111.383,38.626],[-111.431,38.909],[-111.238,39.016],[-111.216,39.189],[-111.141,39.203],[-111.266,39.283],[-111.189,39.286],[-111.232,39.383],[-111.099,39.323],[-111.227,39.538],[-110.941,39.805],[-110.63,39.721],[-110.441,39.806],[-111.031,40.093],[-110.854,40.159],[-111.089,40.361],[-110.955,40.29],[-110.875,40.369],[-110.78,40.323],[-110.747,40.371],[-110.975,40.455],[-110.819,40.487],[-110.594,40.383],[-110.582,40.519],[-110.457,40.521],[-110.515,40.597],[-110.378,40.528],[-110.092,40.614],[-109.613,40.589],[-109.247,40.897],[-109.026,40.817]]],[[[-109.257,38.598],[-109.328,38.57],[-109.331,38.4],[-109.211,38.331],[-109.066,38.447],[-109.145,38.559],[-109.074,38.536],[-109.257,38.598]]],[[[-109.578,37.957],[-109.62,37.833],[-109.546,37.757],[-109.354,37.776],[-109.356,37.87],[-109.578,37.957]]],[[[-110.796,38.169],[-110.872,38.13],[-110.838,37.959],[-110.67,37.858],[-110.642,37.914],[-110.749,37.988],[-110.71,38.146],[-110.796,38.169]]],[[[-108.729,38.92],[-108.847,38.816],[-108.983,38.855],[-108.983,38.762],[-108.611,38.864],[-108.729,38.92]]]]}},{"type":"Feature","properties":{"gid":"21","name":"Southern Rockies","l2":"Western Cordillera","l1":"Northwestern Forested Mountains"},"geometry":{"type":"MultiPolygon","coordinates":[[[[-106.377,42.771],[-106.173,42.766],[-106.148,42.682],[-105.88,42.783],[-105.503,42.751],[-105.4,42.625],[-105.509,42.562],[-105.469,42.475],[-105.361,42.595],[-105.221,42.614],[-105.154,42.439],[-105.04,42.384],[-105.211,42.26],[-105.224,42.124],[-105.152,42.085],[-105.256,41.978],[-105.185,41.935],[-105.253,41.81],[-104.899,41.788],[-104.993,41.458],[-105.156,41.377],[-105.081,41.232],[-105.179,41.158],[-105.087,41.048],[-105.181,40.647],[-105.138,40.485],[-105.291,40.026],[-104.826,39.012],[-104.886,38.863],[-104.821,38.627],[-104.848,38.459],[-105.264,38.495],[-105.21,38.312],[-104.991,38.165],[-104.867,37.95],[-105.083,37.53],[-104.991,37.484],[-104.762,37.576],[-104.506,37.267],[-104.524,37.146],[-104.086,36.964],[-103.901,36.994],[-103.863,36.921],[-104.185,36.782],[-104.427,36.913],[-104.712,36.628],[-105.017,36.482],[-104.977,36.354],[-104.742,36.298],[-104.897,36.271],[-105.026,36.134],[-105.102,36.217],[-105.245,35.952],[-105.167,35.924],[-105.269,35.735],[-105.236,35.529],[-105.325,35.533],[-105.356,35.417],[-105.523,35.431],[-105.481,35.288],[-105.924,35.585],[-105.853,36.019],[-105.912,36.16],[-105.517,36.446],[-105.665,36.571],[-105.531,36.945],[-105.386,36.99],[-105.353,37.373],[-105.592,37.555],[-105.506,37.807],[-106.039,38.426],[-106.092,38.406],[-105.959,38.175],[-106.068,38.099],[-106.282,38.151],[-106.144,38.049],[-106.321,37.741],[-106.571,37.681],[-106.315,37.648],[-106.237,37.527],[-106.218,37.122],[-106.105,37.059],[-106.161,36.992],[-106.071,36.874],[-105.976,36.878],[-106.108,36.827],[-105.965,36.665],[-105.913,36.42],[-106.071,36.316],[-106.212,36.364],[-106.303,36.276],[-106.557,36.318],[-106.595,36.172],[-106.302,36.197],[-106.138,35.998],[-106.217,35.788],[-106.568,35.544],[-106.736,35.668],[-106.848,35.559],[-106.96,35.843],[-106.939,36.038],[-107.018,35.99],[-107.089,36.156],[-107.23,36.246],[-107.126,36.325],[-107.309,36.372],[-107.224,36.499],[-107.361,36.502],[-107.234,36.586],[-107.366,36.587],[-107.276,36.917],[-107.523,37.06],[-107.504,37.24],[-107.842,37.325],[-108.001,37.143],[-108.041,37.292],[-108.504,37.456],[-108.469,37.588],[-108.691,37.64],[-108.799,37.868],[-108.529,37.771],[-108.389,37.86],[-108.535,37.99],[-108.181,37.931],[-108.238,38.159],[-108.166,38.2],[-108.834,38.623],[-108.775,38.658],[-108.868,38.772],[-108.586,38.755],[-108.591,38.606],[-108.318,38.553],[-108.178,38.398],[-108.069,38.394],[-107.843,38.236],[-107.811,38.191],[-107.919,38.162],[-107.817,38.103],[-107.697,38.096],[-107.693,38.209],[-107.643,38.17],[-107.721,38.274],[-107.691,38.413],[-107.544,38.347],[-107.432,38.389],[-107.57,38.499],[-107.528,38.924],[-107.748,38.882],[-107.936,38.973],[-108.19,38.871],[-108.286,39.057],[-107.783,39.268],[-107.945,39.316],[-108.132,39.262],[-107.974,39.454],[-107.807,39.489],[-107.719,39.363],[-107.623,39.355],[-107.409,39.551],[-107.563,39.669],[-107.891,39.725],[-107.908,39.907],[-107.665,40.021],[-107.743,40.155],[-107.606,40.232],[-107.597,40.341],[-107.702,40.385],[-107.464,40.47],[-107.122,40.354],[-107.013,40.408],[-107.13,40.389],[-107.165,40.533],[-107.524,40.744],[-107.516,40.954],[-107.385,40.983],[-107.509,41.254],[-107.445,41.514],[-107.34,41.549],[-107.147,41.352],[-106.449,41.045],[-106.615,41.272],[-106.57,41.392],[-106.657,41.669],[-106.551,41.729],[-106.478,41.612],[-106.533,41.516],[-106.256,41.62],[-106.022,41.425],[-106.143,41.243],[-106.093,41.2],[-106.04,41.282],[-105.988,41.213],[-105.949,41.105],[-106.082,40.967],[-105.939,40.834],[-105.85,40.874],[-105.911,40.96],[-105.771,40.929],[-105.618,41.083],[-105.513,41.015],[-105.54,41.663],[-105.432,41.837],[-105.493,41.872],[-105.446,41.993],[-105.698,42.017],[-105.638,42.061],[-105.664,42.195],[-105.754,42.194],[-105.958,42.41],[-106.406,42.452],[-106.422,42.65],[-106.59,42.734],[-106.377,42.771]]],[[[-109.187,38.613],[-109.076,38.541],[-109.146,38.556],[-109.07,38.436],[-109.287,38.345],[-109.328,38.57],[-109.187,38.613]]],[[[-109.496,37.918],[-109.352,37.865],[-109.352,37.779],[-109.455,37.721],[-109.62,37.833],[-109.578,37.957],[-109.496,37.918]]],[[[-108.706,38.933],[-108.623,38.914],[-108.669,38.814],[-108.983,38.762],[-108.983,38.855],[-108.845,38.817],[-108.706,38.933]]]]}},{"type":"Feature","properties":{"gid":"22","name":"Arizona/New Mexico Plateau","l2":"Cold Deserts","l1":"North American Deserts"},"geometry":{"type":"MultiPolygon","coordinates":[[[[-105.983,38.377],[-105.505,37.805],[-105.59,37.55],[-105.354,37.376],[-105.386,36.99],[-105.531,36.945],[-105.665,36.571],[-105.517,36.446],[-105.912,36.16],[-105.853,36.022],[-105.917,35.89],[-105.93,35.6],[-105.853,35.504],[-105.896,35.256],[-106.087,35.278],[-106.155,35.404],[-106.243,35.271],[-106.499,35.27],[-106.438,34.866],[-106.499,34.463],[-106.667,34.271],[-106.742,34.331],[-106.987,34.235],[-106.95,34.061],[-107.029,34.002],[-107.176,34.13],[-107.253,34.093],[-107.261,33.851],[-107.575,33.977],[-107.681,33.913],[-107.682,33.76],[-107.905,33.905],[-108.019,33.791],[-108.204,33.781],[-108.262,33.685],[-108.382,33.772],[-108.341,33.921],[-108.235,33.879],[-108.02,34.053],[-107.789,34.072],[-107.81,34.185],[-107.681,34.282],[-107.562,34.268],[-107.466,34.079],[-107.196,34.17],[-107.291,34.351],[-107.506,34.358],[-107.647,34.453],[-107.817,34.347],[-108.046,34.359],[-108.329,34.198],[-108.59,34.279],[-108.797,34.128],[-108.988,34.116],[-109.049,34.198],[-109.35,34.103],[-109.805,34.386],[-110.436,34.472],[-110.562,34.626],[-111.106,34.85],[-111.291,35.13],[-111.275,35.347],[-111.765,35.607],[-111.706,35.865],[-111.564,35.887],[-111.735,35.926],[-111.792,36.178],[-111.81,36.041],[-111.976,35.982],[-112.35,36.115],[-112.378,36.21],[-112.44,36.15],[-112.532,36.212],[-112.082,35.784],[-112.071,35.553],[-112.642,35.39],[-112.672,35.484],[-112.818,35.457],[-112.813,35.211],[-112.712,35.184],[-112.598,35.283],[-112.46,35.24],[-112.7,35.123],[-112.495,34.978],[-112.426,34.809],[-112.287,34.76],[-112.278,34.662],[-112.229,34.737],[-112.226,34.534],[-112.519,34.684],[-112.538,34.884],[-112.61,34.858],[-112.612,34.734],[-112.689,34.772],[-112.626,34.967],[-112.802,35.038],[-112.821,35.184],[-112.915,35.123],[-113.06,35.267],[-113.289,35.173],[-113.407,35.203],[-113.703,35.385],[-113.745,35.557],[-113.885,35.655],[-113.862,35.734],[-114.076,35.816],[-113.942,35.876],[-114.0,35.909],[-113.932,36.074],[-113.798,36.0],[-113.833,35.912],[-113.735,35.911],[-113.808,35.85],[-113.694,35.816],[-113.77,35.739],[-113.639,35.743],[-113.682,35.652],[-113.571,35.708],[-113.6,35.811],[-113.553,35.73],[-113.406,35.733],[-113.48,35.609],[-113.409,35.592],[-113.386,35.69],[-113.219,35.735],[-113.286,35.771],[-113.228,35.961],[-113.288,36.029],[-113.049,36.165],[-113.241,36.275],[-113.264,36.182],[-113.327,36.281],[-113.32,36.206],[-113.435,36.228],[-113.423,35.835],[-113.544,35.954],[-113.478,36.074],[-113.532,36.004],[-113.592,36.072],[-113.644,35.974],[-113.643,36.033],[-113.858,36.099],[-113.726,36.533],[-113.94,36.657],[-114.063,36.531],[-114.174,36.604],[-113.933,36.715],[-113.84,36.899],[-113.72,36.956],[-113.572,36.886],[-113.371,36.925],[-113.458,36.781],[-113.39,36.589],[-112.953,36.481],[-112.812,36.583],[-112.671,36.565],[-112.693,36.624],[-112.42,36.737],[-112.132,36.999],[-112.067,36.978],[-112.033,36.759],[-111.855,36.692],[-111.615,36.858],[-111.567,36.79],[-111.122,36.714],[-111.106,36.816],[-110.853,36.793],[-110.955,36.875],[-110.907,36.948],[-110.728,36.863],[-110.412,36.934],[-110.405,36.672],[-110.137,36.66],[-110.088,36.748],[-109.84,36.821],[-109.581,36.661],[-109.581,36.816],[-109.437,36.764],[-109.27,36.882],[-109.245,36.692],[-109.335,36.559],[-109.204,36.382],[-109.345,36.234],[-109.423,35.566],[-109.336,35.423],[-109.181,35.411],[-109.062,35.781],[-108.895,35.723],[-108.663,35.907],[-108.715,36.126],[-108.864,36.264],[-108.916,36.526],[-109.081,36.509],[-109.211,36.589],[-109.087,36.697],[-109.055,36.985],[-108.613,36.722],[-108.378,36.877],[-108.283,36.771],[-107.971,36.853],[-107.779,36.764],[-107.646,36.593],[-107.237,36.589],[-107.361,36.501],[-107.225,36.502],[-107.323,36.404],[-107.125,36.323],[-107.219,36.278],[-107.205,36.185],[-107.099,36.167],[-107.015,35.988],[-106.938,36.037],[-106.96,35.843],[-106.854,35.567],[-106.736,35.668],[-106.568,35.544],[-106.217,35.788],[-106.138,35.998],[-106.302,36.197],[-106.595,36.172],[-106.557,36.318],[-106.303,36.276],[-106.212,36.364],[-106.071,36.316],[-105.913,36.42],[-105.965,36.665],[-106.108,36.827],[-105.976,36.878],[-106.071,36.874],[-106.161,36.992],[-106.105,37.059],[-106.218,37.122],[-106.237,37.527],[-106.315,37.648],[-106.571,37.681],[-106.322,37.739],[-106.144,38.049],[-106.283,38.15],[-106.071,38.099],[-105.966,38.166],[-106.092,38.412],[-105.983,38.377]]],[[[-111.931,36.213],[-111.985,36.299],[-111.882,36.325],[-112.001,36.461],[-112.08,36.901],[-112.163,36.919],[-112.54,36.482],[-112.369,36.371],[-112.446,36.384],[-112.395,36.351],[-112.454,36.272],[-112.234,36.307],[-112.251,36.198],[-112.007,36.236],[-111.952,36.117],[-111.931,36.213]]],[[[-107.93,35.059],[-108.087,35.344],[-108.478,35.466],[-108.654,35.432],[-108.498,35.147],[-108.153,35.011],[-108.309,34.912],[-108.338,34.752],[-108.149,34.842],[-108.097,34.993],[-108.014,34.911],[-107.94,34.954],[-107.93,35.059]]],[[[-107.21,35.517],[-107.261,35.607],[-107.409,35.587],[-107.656,35.323],[-107.783,35.334],[-107.753,35.235],[-107.889,35.177],[-107.792,35.183],[-107.721,35.084],[-107.504,35.131],[-107.397,35.056],[-107.147,35.383],[-107.21,35.517]]],[[[-107.78,34.97],[-107.92,34.761],[-107.851,34.684],[-107.652,34.835],[-107.746,34.924],[-107.712,34.971],[-107.78,34.97]]]]}},{"type":"Feature","properties":{"gid":"23","name":"Arizona/New Mexico Mountains","l2":"Upper Gila Mountains","l1":"Temperate Sierras"},"geometry":{"type":"MultiPolygon","coordinates":[[[[-112.506,36.217],[-111.976,35.982],[-111.81,36.041],[-111.79,36.177],[-111.735,35.926],[-111.564,35.887],[-111.706,35.865],[-111.765,35.607],[-111.275,35.347],[-111.291,35.13],[-111.106,34.85],[-110.562,34.626],[-110.436,34.472],[-109.805,34.386],[-109.35,34.103],[-109.049,34.198],[-108.988,34.116],[-108.797,34.128],[-108.59,34.279],[-108.329,34.198],[-108.046,34.359],[-107.817,34.347],[-107.652,34.453],[-107.506,34.358],[-107.289,34.35],[-107.199,34.167],[-107.466,34.079],[-107.562,34.268],[-107.681,34.282],[-107.81,34.185],[-107.789,34.072],[-108.02,34.053],[-108.235,33.879],[-108.341,33.921],[-108.313,33.836],[-108.382,33.777],[-108.262,33.685],[-108.204,33.781],[-108.019,33.791],[-107.905,33.905],[-107.682,33.76],[-107.681,33.913],[-107.575,33.977],[-107.324,33.842],[-107.261,33.551],[-107.335,33.42],[-107.501,33.462],[-107.487,33.347],[-107.608,33.165],[-107.498,33.11],[-107.513,32.967],[-107.598,32.969],[-107.567,32.695],[-107.678,32.475],[-107.774,32.485],[-107.797,32.641],[-107.909,32.557],[-108.253,32.813],[-108.352,32.749],[-108.342,32.541],[-108.541,32.416],[-108.602,32.685],[-108.793,32.808],[-108.976,32.792],[-109.137,33.052],[-109.268,33.068],[-109.202,33.201],[-109.326,33.094],[-109.479,33.136],[-109.485,33.387],[-109.588,33.143],[-110.027,33.427],[-110.501,33.561],[-110.777,33.386],[-110.686,33.295],[-110.557,33.298],[-110.615,33.157],[-110.892,33.19],[-110.752,33.039],[-110.958,33.151],[-110.983,33.259],[-111.12,33.146],[-111.166,33.265],[-111.095,33.229],[-111.083,33.3],[-111.46,33.448],[-111.16,33.559],[-111.157,33.643],[-110.99,33.535],[-110.922,33.615],[-110.773,33.619],[-110.67,33.792],[-110.907,33.686],[-111.154,33.784],[-111.316,33.987],[-111.328,33.8],[-111.219,33.682],[-111.356,33.628],[-111.473,33.826],[-111.58,33.788],[-111.541,33.879],[-111.695,34.239],[-111.755,34.019],[-111.817,34.036],[-111.745,33.894],[-112.049,33.951],[-112.087,34.07],[-112.017,34.128],[-112.089,34.107],[-112.107,34.192],[-112.147,34.129],[-112.136,34.23],[-112.217,34.076],[-112.48,34.058],[-112.515,34.013],[-112.44,33.999],[-112.518,33.954],[-112.606,34.015],[-112.563,34.122],[-112.834,34.23],[-112.997,34.202],[-112.999,34.374],[-113.074,34.419],[-112.975,34.465],[-112.943,34.605],[-113.277,34.525],[-113.21,34.631],[-113.291,34.625],[-113.256,34.695],[-113.476,34.683],[-113.572,34.948],[-113.508,34.992],[-113.618,34.996],[-113.636,35.149],[-113.796,34.983],[-113.764,34.724],[-113.634,34.616],[-113.873,34.709],[-113.938,34.911],[-114.004,34.892],[-114.017,35.077],[-113.936,35.181],[-113.781,35.165],[-113.799,35.383],[-113.663,35.302],[-113.63,35.371],[-113.303,35.175],[-113.06,35.267],[-112.915,35.123],[-112.821,35.184],[-112.802,35.038],[-112.626,34.967],[-112.689,34.772],[-112.612,34.734],[-112.61,34.858],[-112.538,34.884],[-112.519,34.684],[-112.223,34.536],[-112.229,34.737],[-112.278,34.662],[-112.287,34.76],[-112.426,34.809],[-112.495,34.978],[-112.7,35.123],[-112.466,35.249],[-112.606,35.281],[-112.726,35.182],[-112.827,35.231],[-112.783,35.51],[-112.672,35.484],[-112.665,35.388],[-112.071,35.553],[-112.082,35.784],[-112.506,36.217]]],[[[-105.621,33.964],[-105.542,33.903],[-105.511,33.696],[-105.247,33.694],[-105.154,33.602],[-105.226,33.412],[-105.312,33.401],[-105.154,33.102],[-105.244,32.752],[-104.875,32.525],[-104.647,32.234],[-104.397,32.193],[-104.721,32.016],[-104.826,31.869],[-104.934,31.92],[-105.028,32.141],[-105.005,32.239],[-104.898,32.189],[-104.908,32.244],[-105.158,32.499],[-105.354,32.458],[-105.406,32.354],[-105.596,32.529],[-105.805,32.531],[-105.758,32.616],[-105.845,32.611],[-105.923,32.769],[-105.939,33.344],[-106.026,33.426],[-105.891,33.588],[-105.723,33.602],[-105.815,33.793],[-105.764,33.913],[-105.621,33.964]]],[[[-109.147,36.888],[-109.051,36.795],[-109.209,36.586],[-108.916,36.526],[-108.864,36.264],[-108.715,36.126],[-108.663,35.907],[-108.895,35.723],[-109.058,35.784],[-109.148,35.441],[-109.328,35.42],[-109.417,35.54],[-109.37,35.746],[-109.436,35.861],[-109.344,36.237],[-109.204,36.382],[-109.335,36.559],[-109.245,36.692],[-109.302,36.825],[-109.147,36.888]]],[[[-112.154,36.908],[-112.08,36.901],[-112.001,36.461],[-111.882,36.325],[-111.985,36.299],[-111.949,36.117],[-112.007,36.236],[-112.251,36.198],[-112.234,36.307],[-112.457,36.273],[-112.395,36.351],[-112.446,36.384],[-112.369,36.371],[-112.54,36.482],[-112.154,36.908]]],[[[-108.537,35.469],[-108.066,35.331],[-107.939,34.955],[-108.014,34.911],[-108.097,34.993],[-108.149,34.842],[-108.338,34.752],[-108.309,34.912],[-108.152,35.009],[-108.506,35.155],[-108.654,35.419],[-108.537,35.469]]],[[[-106.086,35.283],[-106.281,35.156],[-106.133,34.935],[-106.336,34.668],[-106.32,34.523],[-106.485,34.34],[-106.662,34.274],[-106.498,34.467],[-106.438,34.875],[-106.507,35.26],[-106.386,35.318],[-106.243,35.271],[-106.157,35.404],[-106.086,35.283]]],[[[-107.202,35.495],[-107.147,35.383],[-107.397,35.056],[-107.504,35.131],[-107.721,35.084],[-107.792,35.183],[-107.889,35.177],[-107.753,35.235],[-107.783,35.334],[-107.656,35.323],[-107.409,35.587],[-107.258,35.606],[-107.202,35.495]]],[[[-107.171,34.124],[-107.006,33.965],[-107.151,33.775],[-107.288,33.952],[-107.288,34.055],[-107.171,34.124]]],[[[-107.731,34.975],[-107.652,34.834],[-107.857,34.686],[-107.918,34.768],[-107.731,34.975]]],[[[-105.756,34.274],[-105.661,34.258],[-105.742,34.13],[-105.869,34.238],[-105.756,34.274]]]]}},{"type":"Feature","properties":{"gid":"24","name":"Chihuahuan Deserts","l2":"Warm Deserts","l1":"North American Deserts"},"geometry":{"type":"MultiPolygon","coordinates":[[[[-106.735,34.331],[-106.662,34.251],[-106.72,34.079],[-106.562,34.064],[-106.373,34.164],[-106.267,33.798],[-106.181,33.727],[-106.059,33.846],[-105.812,33.802],[-105.722,33.603],[-105.891,33.588],[-106.026,33.426],[-105.939,33.344],[-105.984,33.172],[-105.886,32.994],[-105.916,32.752],[-105.84,32.607],[-105.758,32.616],[-105.805,32.531],[-105.596,32.529],[-105.406,32.354],[-105.354,32.458],[-105.158,32.499],[-104.907,32.241],[-104.898,32.189],[-105.005,32.239],[-105.029,32.151],[-104.857,31.858],[-104.396,32.191],[-104.647,32.234],[-104.874,32.524],[-105.092,32.647],[-104.779,32.746],[-104.842,32.849],[-104.581,33.015],[-104.692,33.068],[-104.767,33.303],[-104.616,33.472],[-104.626,33.749],[-104.292,33.833],[-104.189,33.777],[-104.23,33.661],[-104.016,33.521],[-104.035,33.413],[-103.966,33.391],[-104.072,33.185],[-103.958,33.121],[-104.041,32.789],[-103.662,32.623],[-103.671,32.466],[-103.339,32.402],[-103.303,32.32],[-103.376,32.263],[-103.314,32.195],[-103.155,32.19],[-103.045,31.741],[-102.807,31.515],[-102.833,31.38],[-102.483,31.341],[-102.33,31.425],[-101.992,31.247],[-101.988,31.007],[-101.864,30.961],[-101.768,30.669],[-101.646,30.635],[-101.734,30.425],[-101.659,30.346],[-101.746,30.286],[-101.487,30.128],[-101.289,30.127],[-101.074,29.835],[-101.077,29.734],[-100.929,29.651],[-100.97,29.536],[-100.877,29.485],[-100.942,29.371],[-101.255,29.52],[-101.25,29.624],[-101.306,29.578],[-101.402,29.771],[-102.073,29.787],[-102.32,29.879],[-102.388,29.761],[-102.675,29.744],[-102.884,29.348],[-102.867,29.224],[-102.997,29.178],[-103.116,28.984],[-103.283,28.977],[-103.784,29.265],[-104.038,29.32],[-104.509,29.633],[-104.683,29.929],[-104.706,30.235],[-104.859,30.39],[-104.923,30.603],[-105.397,30.85],[-105.954,31.365],[-106.206,31.466],[-106.414,31.75],[-108.208,31.784],[-108.255,31.333],[-108.307,31.652],[-108.42,31.706],[-108.523,31.591],[-108.675,31.909],[-108.888,31.93],[-108.976,32.324],[-109.079,32.494],[-109.2,32.523],[-109.103,32.6],[-109.329,32.992],[-109.14,33.005],[-108.976,32.792],[-108.669,32.737],[-108.545,32.613],[-108.539,32.416],[-108.342,32.541],[-108.352,32.749],[-108.253,32.813],[-107.909,32.557],[-107.795,32.64],[-107.775,32.486],[-107.69,32.464],[-107.567,32.695],[-107.598,32.969],[-107.513,32.967],[-107.498,33.11],[-107.608,33.165],[-107.487,33.347],[-107.501,33.462],[-107.335,33.42],[-107.261,33.551],[-107.328,33.836],[-107.215,33.872],[-107.147,33.777],[-106.951,34.057],[-106.989,34.233],[-106.735,34.331]]]]}},{"type":"Feature","properties":{"gid":"25","name":"High Plains","l2":"South Central SEmi-Arid Prairies","l1":"Great Plains"},"geometry":{"type":"MultiPolygon","coordinates":[[[[-102.116,43.499],[-101.997,43.498],[-101.896,43.356],[-101.62,43.41],[-101.423,43.314],[-101.608,43.318],[-101.727,43.233],[-101.963,43.318],[-102.566,43.052],[-102.577,42.976],[-102.153,42.944],[-101.975,42.761],[-102.456,42.619],[-102.698,42.408],[-102.819,42.147],[-102.78,42.037],[-103.377,42.133],[-103.419,42.065],[-103.258,41.909],[-102.277,41.376],[-101.397,41.185],[-101.074,41.218],[-101.241,41.108],[-101.304,40.927],[-101.157,40.8],[-101.201,40.667],[-101.05,40.236],[-101.286,40.073],[-101.16,39.919],[-101.316,39.831],[-101.359,39.67],[-101.292,39.619],[-101.055,39.686],[-100.979,39.5],[-100.641,39.611],[-100.572,39.5],[-100.387,39.438],[-100.58,39.336],[-100.594,39.257],[-100.321,39.095],[-101.307,38.899],[-100.995,38.667],[-100.401,38.618],[-100.389,38.374],[-100.616,38.204],[-100.628,38.055],[-100.167,38.052],[-100.027,37.973],[-99.992,37.746],[-100.387,37.547],[-100.351,37.439],[-100.519,37.16],[-100.448,37.057],[-100.215,37.009],[-100.478,36.995],[-100.429,36.917],[-100.485,36.832],[-100.772,36.815],[-100.933,36.683],[-101.113,36.666],[-101.334,36.797],[-101.476,36.758],[-101.623,36.873],[-101.774,36.876],[-101.596,36.761],[-101.839,36.715],[-101.791,36.623],[-101.985,36.637],[-101.819,36.606],[-101.927,36.502],[-101.795,36.515],[-101.667,36.657],[-101.262,36.675],[-101.684,36.539],[-101.565,36.515],[-101.651,36.484],[-101.612,36.434],[-101.453,36.506],[-101.608,36.294],[-101.348,36.537],[-101.247,36.539],[-101.261,36.445],[-101.171,36.481],[-101.379,36.155],[-100.789,36.685],[-100.68,36.672],[-100.643,36.572],[-100.452,36.609],[-100.395,36.438],[-100.65,36.261],[-100.885,36.276],[-100.809,36.129],[-100.59,36.09],[-100.978,36.086],[-101.578,35.822],[-101.911,35.852],[-102.009,35.78],[-101.909,35.687],[-101.97,35.581],[-102.328,35.745],[-102.408,35.697],[-102.52,35.936],[-102.51,35.737],[-102.823,35.787],[-102.938,35.597],[-103.011,35.613],[-102.963,35.398],[-103.444,35.357],[-103.507,35.51],[-103.691,35.595],[-103.797,35.885],[-103.655,35.799],[-103.661,35.983],[-103.208,36.06],[-103.308,36.244],[-103.502,36.268],[-103.513,36.338],[-103.363,36.342],[-103.334,36.478],[-103.162,36.403],[-103.108,36.55],[-103.642,36.634],[-103.281,36.675],[-103.416,36.784],[-103.295,36.817],[-103.105,36.664],[-103.064,36.754],[-102.917,36.747],[-102.767,36.886],[-102.464,36.85],[-102.488,36.984],[-102.658,36.973],[-103.135,37.319],[-102.787,37.573],[-102.317,37.709],[-102.154,37.832],[-102.099,37.994],[-102.502,38.224],[-102.601,38.446],[-103.14,38.666],[-103.63,39.144],[-103.677,39.351],[-103.772,39.377],[-103.695,39.451],[-103.781,39.958],[-103.971,39.861],[-104.012,39.565],[-104.093,39.653],[-104.17,39.554],[-104.266,39.638],[-104.369,39.47],[-104.511,39.638],[-104.563,39.549],[-105.072,39.447],[-105.269,39.878],[-105.286,40.104],[-105.138,40.485],[-105.181,40.647],[-105.087,41.048],[-105.179,41.158],[-105.081,41.232],[-105.156,41.377],[-104.993,41.458],[-104.899,41.793],[-105.252,41.809],[-105.185,41.935],[-105.256,41.978],[-105.152,42.085],[-105.23,42.169],[-105.196,42.278],[-104.927,42.416],[-104.959,42.582],[-105.123,42.698],[-104.77,42.908],[-104.109,42.887],[-103.801,42.765],[-103.6,42.834],[-103.388,42.63],[-102.814,42.863],[-102.792,42.931],[-102.867,42.958],[-102.761,43.276],[-102.559,43.285],[-102.495,43.431],[-102.363,43.378],[-102.394,43.492],[-102.209,43.43],[-102.116,43.499]]],[[[-100.711,35.759],[-100.647,35.783],[-100.86,35.575],[-100.621,35.655],[-100.519,35.613],[-100.626,35.529],[-100.889,35.525],[-101.035,35.411],[-100.899,35.352],[-100.918,35.252],[-101.032,35.202],[-100.877,35.157],[-101.307,35.176],[-101.209,35.114],[-101.224,35.003],[-101.311,34.998],[-101.202,34.912],[-101.225,34.85],[-101.822,35.059],[-101.69,34.987],[-101.755,34.953],[-101.667,34.882],[-101.721,34.834],[-101.483,34.835],[-101.327,34.709],[-101.435,34.529],[-101.317,34.616],[-101.111,34.497],[-101.228,34.231],[-101.082,34.186],[-101.027,33.817],[-100.924,33.752],[-101.062,33.622],[-101.285,33.843],[-101.173,33.634],[-101.24,33.515],[-101.631,33.498],[-101.393,33.115],[-101.597,33.078],[-101.483,32.978],[-101.605,32.954],[-101.567,32.809],[-101.8,32.886],[-101.839,32.769],[-101.732,32.754],[-101.638,32.519],[-101.447,32.496],[-101.439,32.404],[-101.3,32.347],[-101.292,32.27],[-101.48,32.215],[-101.411,32.057],[-101.548,31.848],[-101.494,31.766],[-101.297,31.755],[-101.268,31.611],[-101.979,31.247],[-102.33,31.425],[-102.483,31.341],[-102.822,31.373],[-102.819,31.538],[-103.078,31.814],[-103.155,32.19],[-103.314,32.195],[-103.376,32.263],[-103.303,32.32],[-103.339,32.402],[-103.671,32.466],[-103.662,32.623],[-104.043,32.792],[-103.955,33.072],[-104.072,33.183],[-103.966,33.389],[-104.035,33.423],[-103.871,33.53],[-103.852,33.666],[-104.01,33.696],[-104.105,33.811],[-103.865,33.898],[-103.983,34.005],[-103.937,34.202],[-104.036,34.294],[-103.969,34.462],[-104.097,34.487],[-104.041,34.675],[-104.167,34.817],[-104.047,34.902],[-103.912,34.825],[-103.48,34.856],[-103.384,34.988],[-103.025,34.946],[-102.995,35.058],[-102.686,35.327],[-101.959,35.199],[-101.586,35.45],[-101.415,35.401],[-100.757,35.817],[-100.711,35.759]]],[[[-104.154,36.422],[-103.808,36.265],[-103.871,36.146],[-103.966,36.28],[-104.069,36.29],[-104.007,36.234],[-104.081,36.224],[-103.916,36.067],[-103.97,36.031],[-103.887,35.975],[-103.983,35.94],[-103.866,35.902],[-103.828,35.782],[-103.964,35.75],[-104.23,35.915],[-104.272,36.121],[-104.209,36.242],[-104.275,36.315],[-104.244,36.451],[-104.154,36.422]]]]}},{"type":"Feature","properties":{"gid":"26","name":"Southwestern Tablelands","l2":"South Central SEmi-Arid Prairies","l1":"Great Plains"},"geometry":{"type":"MultiPolygon","coordinates":[[[[-103.726,39.585],[-103.698,39.434],[-103.771,39.374],[-103.68,39.355],[-103.637,39.153],[-103.231,38.739],[-102.601,38.446],[-102.502,38.224],[-102.099,37.992],[-102.154,37.832],[-102.317,37.709],[-102.787,37.573],[-103.135,37.319],[-102.658,36.973],[-102.488,36.984],[-102.464,36.85],[-102.767,36.886],[-102.917,36.747],[-103.064,36.754],[-103.105,36.664],[-103.295,36.817],[-103.416,36.784],[-103.281,36.675],[-103.642,36.634],[-103.108,36.55],[-103.162,36.403],[-103.334,36.478],[-103.363,36.342],[-103.513,36.338],[-103.502,36.268],[-103.308,36.244],[-103.208,36.06],[-103.661,35.983],[-103.655,35.799],[-103.797,35.885],[-103.691,35.595],[-103.506,35.509],[-103.45,35.358],[-102.963,35.398],[-103.011,35.613],[-102.938,35.597],[-102.823,35.787],[-102.51,35.737],[-102.52,35.936],[-102.408,35.697],[-102.328,35.745],[-101.97,35.581],[-101.909,35.687],[-102.009,35.78],[-101.911,35.852],[-101.578,35.822],[-100.978,36.086],[-100.59,36.09],[-100.809,36.129],[-100.885,36.276],[-100.65,36.261],[-100.395,36.438],[-100.452,36.609],[-100.643,36.572],[-100.68,36.672],[-100.789,36.685],[-101.379,36.155],[-101.171,36.481],[-101.261,36.445],[-101.247,36.539],[-101.348,36.537],[-101.608,36.294],[-101.453,36.506],[-101.612,36.434],[-101.651,36.484],[-101.565,36.515],[-101.684,36.539],[-101.262,36.675],[-101.667,36.657],[-101.816,36.508],[-101.952,36.518],[-101.821,36.609],[-101.986,36.633],[-101.791,36.623],[-101.839,36.715],[-101.596,36.761],[-101.774,36.876],[-101.623,36.873],[-101.476,36.758],[-101.334,36.797],[-101.113,36.666],[-100.933,36.683],[-100.772,36.815],[-100.485,36.832],[-100.429,36.917],[-100.478,36.995],[-100.215,37.009],[-100.448,37.057],[-100.519,37.16],[-100.379,37.43],[-100.266,37.346],[-100.304,37.228],[-100.065,37.363],[-99.841,37.36],[-99.957,37.435],[-99.849,37.493],[-99.695,37.439],[-99.203,37.579],[-98.74,37.534],[-98.521,37.383],[-98.295,37.352],[-98.462,37.005],[-98.918,37.035],[-99.052,36.994],[-99.019,36.894],[-99.331,36.996],[-99.968,36.934],[-99.976,36.852],[-100.094,36.799],[-99.879,36.702],[-99.791,36.541],[-99.6,36.547],[-99.591,36.341],[-99.951,35.918],[-100.0,35.677],[-100.362,35.584],[-100.318,35.354],[-100.539,35.365],[-100.634,35.216],[-99.651,35.146],[-99.61,35.077],[-99.812,35.005],[-99.772,34.933],[-99.873,34.884],[-99.541,34.899],[-99.469,34.752],[-99.541,34.826],[-100.003,34.846],[-100.37,35.028],[-101.07,35.002],[-100.824,34.819],[-100.519,34.912],[-100.364,34.88],[-100.154,34.661],[-100.017,34.632],[-100.185,34.435],[-100.102,34.284],[-99.591,34.109],[-99.892,33.889],[-99.721,33.836],[-99.347,33.949],[-99.135,33.771],[-99.222,33.632],[-99.551,33.678],[-99.624,33.616],[-99.554,33.592],[-99.992,33.414],[-100.018,33.316],[-99.945,33.243],[-100.064,33.125],[-99.968,32.983],[-100.38,32.966],[-100.638,32.866],[-100.675,32.627],[-100.576,32.498],[-100.498,32.535],[-100.471,32.429],[-100.661,32.258],[-100.68,32.083],[-100.602,32.083],[-100.607,32.003],[-100.549,32.081],[-100.337,31.961],[-100.242,32.031],[-100.08,31.723],[-100.464,31.747],[-100.72,31.882],[-100.706,31.972],[-101.141,32.023],[-101.415,32.151],[-101.48,32.216],[-101.292,32.27],[-101.3,32.347],[-101.439,32.404],[-101.447,32.496],[-101.638,32.519],[-101.732,32.754],[-101.839,32.769],[-101.8,32.886],[-101.567,32.809],[-101.605,32.954],[-101.483,32.978],[-101.597,33.078],[-101.393,33.115],[-101.631,33.498],[-101.24,33.515],[-101.173,33.634],[-101.285,33.843],[-101.062,33.622],[-100.924,33.75],[-101.027,33.817],[-101.082,34.186],[-101.228,34.231],[-101.111,34.497],[-101.317,34.616],[-101.435,34.529],[-101.327,34.709],[-101.483,34.835],[-101.721,34.834],[-101.667,34.882],[-101.755,34.953],[-101.69,34.987],[-101.821,35.06],[-101.225,34.85],[-101.202,34.912],[-101.311,34.998],[-101.224,35.003],[-101.209,35.114],[-101.307,35.176],[-100.876,35.158],[-101.032,35.202],[-100.918,35.252],[-100.899,35.352],[-101.036,35.409],[-100.889,35.525],[-100.626,35.529],[-100.521,35.611],[-100.621,35.655],[-100.86,35.575],[-100.653,35.791],[-100.757,35.817],[-101.415,35.401],[-101.586,35.45],[-101.959,35.199],[-102.686,35.327],[-102.995,35.058],[-103.025,34.946],[-103.385,34.988],[-103.477,34.857],[-103.779,34.816],[-104.131,34.867],[-104.165,34.777],[-104.038,34.657],[-104.098,34.488],[-103.968,34.461],[-104.036,34.294],[-103.937,34.202],[-103.983,34.005],[-103.865,33.898],[-104.106,33.797],[-104.006,33.694],[-103.856,33.68],[-103.87,33.531],[-104.005,33.466],[-104.23,33.661],[-104.181,33.762],[-104.282,33.833],[-104.611,33.763],[-104.616,33.472],[-104.767,33.303],[-104.692,33.068],[-104.578,33.021],[-104.842,32.849],[-104.775,32.749],[-105.055,32.641],[-105.271,32.839],[-105.183,32.89],[-105.154,33.092],[-105.312,33.4],[-105.165,33.502],[-105.208,33.675],[-105.511,33.696],[-105.548,33.915],[-105.651,33.969],[-105.812,33.802],[-106.068,33.843],[-106.15,33.713],[-106.264,33.791],[-106.373,34.164],[-106.565,34.064],[-106.732,34.096],[-106.669,34.27],[-106.343,34.492],[-106.308,34.725],[-106.165,34.853],[-106.133,35.006],[-106.277,35.162],[-106.099,35.277],[-105.898,35.253],[-105.883,35.469],[-105.789,35.539],[-105.489,35.287],[-105.523,35.431],[-105.356,35.417],[-105.325,35.533],[-105.236,35.529],[-105.269,35.735],[-105.167,35.924],[-105.245,35.952],[-105.113,36.201],[-105.003,36.14],[-104.897,36.271],[-104.742,36.3],[-104.948,36.335],[-105.017,36.482],[-104.712,36.628],[-104.425,36.914],[-104.185,36.782],[-104.057,36.889],[-103.865,36.914],[-103.901,36.994],[-104.086,36.964],[-104.524,37.146],[-104.506,37.267],[-104.762,37.576],[-104.991,37.484],[-105.077,37.52],[-104.867,37.95],[-104.991,38.165],[-105.21,38.312],[-105.265,38.486],[-104.841,38.467],[-104.886,38.863],[-104.824,39.004],[-105.036,39.411],[-104.991,39.507],[-104.563,39.549],[-104.511,39.638],[-104.369,39.47],[-104.266,39.638],[-104.17,39.554],[-104.093,39.653],[-104.012,39.565],[-103.973,39.859],[-103.841,39.969],[-103.732,39.901],[-103.791,39.767],[-103.726,39.585]]],[[[-104.25,36.435],[-104.23,35.915],[-103.964,35.75],[-103.828,35.782],[-103.866,35.902],[-103.983,35.94],[-103.887,35.975],[-103.97,36.031],[-103.916,36.067],[-104.081,36.224],[-104.007,36.234],[-104.069,36.29],[-103.966,36.28],[-103.871,36.146],[-103.808,36.265],[-104.25,36.435]]],[[[-105.855,34.219],[-105.735,34.131],[-105.661,34.258],[-105.801,34.31],[-105.855,34.219]]]]}},{"type":"Feature","properties":{"gid":"27","name":"Central Great Plains","l2":"South Central SEmi-Arid Prairies","l1":"Great Plains"},"geometry":{"type":"MultiPolygon","coordinates":[[[[-98.054,42.025],[-97.872,41.747],[-96.873,41.44],[-97.097,41.312],[-97.007,41.165],[-97.015,40.732],[-96.918,40.394],[-96.595,40.0],[-96.688,39.686],[-96.839,39.709],[-96.848,39.545],[-97.05,39.292],[-96.932,39.041],[-97.075,38.629],[-97.368,38.376],[-97.212,38.126],[-97.028,38.009],[-97.038,37.304],[-96.921,37.138],[-96.922,36.649],[-96.546,36.443],[-96.666,35.926],[-96.609,35.765],[-96.701,35.723],[-96.738,35.822],[-96.804,35.686],[-96.871,35.888],[-97.023,35.768],[-97.176,35.97],[-97.11,36.081],[-97.187,36.131],[-97.146,36.226],[-97.25,36.193],[-97.197,36.147],[-97.277,35.994],[-97.213,35.932],[-97.483,35.771],[-97.514,35.525],[-97.404,35.499],[-97.364,35.177],[-97.235,34.957],[-97.032,34.915],[-97.166,34.768],[-97.186,34.56],[-97.439,34.604],[-97.713,34.861],[-97.504,35.021],[-97.673,35.182],[-97.813,34.693],[-98.15,35.076],[-98.063,35.281],[-98.112,35.41],[-98.311,35.526],[-98.461,35.45],[-98.253,34.97],[-98.1,34.894],[-98.104,34.661],[-97.977,34.527],[-98.046,34.434],[-98.011,34.293],[-97.972,34.386],[-97.742,34.375],[-97.516,34.226],[-97.487,34.025],[-97.835,33.696],[-97.841,33.55],[-98.256,33.471],[-98.318,33.518],[-98.332,33.463],[-98.448,33.49],[-98.564,33.349],[-98.601,33.398],[-98.445,33.228],[-98.822,33.159],[-99.147,32.503],[-99.077,32.378],[-99.218,32.277],[-99.336,32.388],[-99.399,32.345],[-99.198,31.833],[-98.924,31.668],[-99.18,31.453],[-99.116,31.254],[-99.3,31.13],[-99.552,31.114],[-99.659,31.196],[-99.833,31.175],[-99.711,31.271],[-99.879,31.316],[-100.096,31.222],[-100.424,31.313],[-100.506,31.24],[-100.632,31.306],[-100.64,31.416],[-100.524,31.431],[-100.702,31.645],[-100.456,31.564],[-100.304,31.709],[-100.08,31.723],[-100.211,31.992],[-100.179,32.169],[-99.826,32.16],[-99.871,32.239],[-99.784,32.287],[-99.975,32.375],[-100.142,32.334],[-100.175,32.397],[-100.1,32.416],[-100.25,32.462],[-100.296,32.374],[-100.51,32.361],[-100.494,32.53],[-100.576,32.498],[-100.678,32.635],[-100.638,32.866],[-100.38,32.966],[-99.968,32.983],[-100.064,33.125],[-99.945,33.243],[-100.018,33.316],[-99.992,33.414],[-99.554,33.592],[-99.624,33.616],[-99.551,33.678],[-99.222,33.632],[-99.135,33.77],[-99.335,33.947],[-99.721,33.836],[-99.892,33.889],[-99.591,34.109],[-100.102,34.284],[-100.185,34.435],[-100.017,34.632],[-100.154,34.661],[-100.364,34.88],[-100.519,34.912],[-100.824,34.819],[-101.07,35.002],[-100.37,35.028],[-100.003,34.846],[-99.541,34.826],[-99.469,34.752],[-99.541,34.899],[-99.873,34.884],[-99.772,34.933],[-99.812,35.005],[-99.61,35.077],[-99.651,35.146],[-100.634,35.216],[-100.539,35.365],[-100.318,35.354],[-100.362,35.584],[-100.0,35.677],[-99.951,35.918],[-99.591,36.341],[-99.6,36.547],[-99.791,36.541],[-99.879,36.702],[-100.094,36.799],[-99.976,36.852],[-99.968,36.934],[-99.331,36.996],[-99.019,36.894],[-99.052,36.994],[-98.918,37.035],[-98.462,37.005],[-98.293,37.345],[-98.521,37.383],[-98.74,37.534],[-99.203,37.579],[-99.695,37.439],[-99.849,37.493],[-99.957,37.435],[-99.841,37.36],[-100.065,37.363],[-100.314,37.233],[-100.266,37.346],[-100.387,37.547],[-100.133,37.728],[-100.0,37.735],[-99.987,37.828],[-100.027,37.973],[-100.177,38.057],[-100.628,38.055],[-100.616,38.204],[-100.39,38.37],[-100.393,38.609],[-101.002,38.67],[-101.31,38.91],[-100.321,39.095],[-100.594,39.257],[-100.58,39.336],[-100.387,39.438],[-100.572,39.5],[-100.641,39.611],[-100.979,39.5],[-101.055,39.686],[-101.292,39.619],[-101.359,39.67],[-101.316,39.831],[-101.16,39.919],[-101.286,40.073],[-101.05,40.236],[-101.198,40.689],[-101.073,40.646],[-101.032,40.724],[-100.783,40.482],[-100.793,40.708],[-100.888,40.844],[-100.746,40.758],[-100.733,40.826],[-100.641,40.787],[-100.758,41.058],[-101.147,41.138],[-101.074,41.218],[-100.834,41.228],[-100.168,40.936],[-100.244,41.082],[-100.221,41.307],[-100.61,41.394],[-100.582,41.472],[-99.952,41.535],[-99.466,41.81],[-98.907,41.778],[-98.656,41.547],[-98.533,41.536],[-98.523,41.634],[-98.424,41.643],[-98.446,41.767],[-98.095,41.769],[-98.172,41.916],[-98.054,42.025]]]]}},{"type":"Feature","properties":{"gid":"28","name":"Flint Hills","l2":"South Central SEmi-Arid Prairies","l1":"Great Plains"},"geometry":{"type":"MultiPolygon","coordinates":[[[[-96.693,39.69],[-96.441,39.649],[-95.911,39.397],[-95.86,39.305],[-95.952,39.108],[-95.91,38.922],[-96.138,38.759],[-96.052,38.627],[-96.118,38.482],[-96.079,38.122],[-95.883,38.003],[-95.869,37.841],[-95.962,37.69],[-96.055,37.684],[-96.098,37.442],[-96.188,37.363],[-96.129,37.279],[-96.235,37.28],[-96.192,37.178],[-96.299,37.181],[-96.247,37.098],[-96.365,37.019],[-96.396,36.591],[-96.48,36.615],[-96.57,36.432],[-96.922,36.649],[-96.921,37.138],[-97.038,37.304],[-97.028,38.009],[-97.212,38.126],[-97.368,38.376],[-97.075,38.629],[-96.932,39.041],[-97.05,39.292],[-96.848,39.545],[-96.839,39.709],[-96.693,39.69]]]]}},{"type":"Feature","properties":{"gid":"29","name":"Cross Timbers","l2":"South Central SEmi-Arid Prairies","l1":"Great Plains"},"geometry":{"type":"MultiPolygon","coordinates":[[[[-95.759,37.816],[-95.986,37.575],[-95.86,37.48],[-95.942,37.441],[-95.89,37.366],[-95.94,37.298],[-95.831,37.229],[-95.999,37.055],[-95.972,36.551],[-96.063,36.341],[-95.991,36.262],[-96.046,36.193],[-96.004,36.066],[-96.175,35.728],[-95.812,35.915],[-95.681,35.903],[-95.8,35.788],[-95.914,35.792],[-95.981,35.627],[-95.851,35.499],[-95.731,35.566],[-95.759,35.496],[-95.551,35.378],[-95.394,35.556],[-95.285,35.338],[-95.848,35.323],[-96.083,35.216],[-96.184,35.041],[-96.659,34.732],[-96.543,34.673],[-96.644,34.597],[-96.363,34.468],[-96.415,34.37],[-96.352,34.251],[-96.529,34.328],[-96.549,34.261],[-96.065,34.077],[-96.157,33.987],[-96.256,34.083],[-96.502,34.02],[-96.653,33.91],[-96.722,33.736],[-96.921,33.652],[-96.987,33.096],[-97.092,32.918],[-97.039,32.77],[-97.273,32.446],[-97.147,32.346],[-97.273,32.225],[-97.24,31.97],[-97.12,31.863],[-97.123,31.616],[-97.388,31.365],[-97.43,31.022],[-97.578,30.97],[-97.683,30.67],[-97.932,30.858],[-98.265,30.899],[-98.461,31.215],[-98.797,31.173],[-99.18,31.302],[-99.167,31.474],[-98.985,31.553],[-98.924,31.668],[-99.198,31.833],[-99.399,32.345],[-99.336,32.388],[-99.218,32.277],[-99.077,32.378],[-99.147,32.503],[-98.822,33.159],[-98.445,33.228],[-98.601,33.398],[-98.564,33.349],[-98.448,33.49],[-98.332,33.463],[-98.318,33.518],[-98.256,33.471],[-97.841,33.55],[-97.835,33.696],[-97.485,34.031],[-97.516,34.226],[-97.742,34.375],[-97.972,34.386],[-98.011,34.293],[-98.046,34.434],[-97.977,34.527],[-98.104,34.661],[-98.1,34.894],[-98.253,34.97],[-98.465,35.444],[-98.311,35.526],[-98.112,35.41],[-98.063,35.281],[-98.15,35.076],[-97.813,34.693],[-97.673,35.182],[-97.504,35.021],[-97.713,34.861],[-97.439,34.604],[-97.186,34.56],[-97.166,34.768],[-97.032,34.915],[-97.235,34.957],[-97.364,35.177],[-97.404,35.499],[-97.514,35.525],[-97.483,35.771],[-97.213,35.932],[-97.277,35.994],[-97.197,36.147],[-97.25,36.193],[-97.146,36.226],[-97.187,36.131],[-97.11,36.081],[-97.176,35.97],[-97.023,35.768],[-96.871,35.888],[-96.809,35.86],[-96.809,35.688],[-96.734,35.824],[-96.701,35.723],[-96.615,35.753],[-96.666,35.926],[-96.553,36.217],[-96.579,36.357],[-96.484,36.611],[-96.396,36.591],[-96.367,37.015],[-96.245,37.102],[-96.304,37.174],[-96.192,37.178],[-96.235,37.28],[-96.131,37.276],[-96.187,37.366],[-96.098,37.442],[-96.051,37.692],[-95.759,37.816]]]]}},{"type":"Feature","properties":{"gid":"3","name":"Willamette Valley","l2":"Marine West Coast Forest","l1":"Marine West Coast Forest"},"geometry":{"type":"MultiPolygon","coordinates":[[[[-122.644,45.945],[-122.516,45.912],[-122.426,45.668],[-122.191,45.58],[-122.328,45.532],[-122.263,45.307],[-122.375,45.178],[-122.703,45.007],[-122.716,44.851],[-122.457,44.747],[-122.599,44.756],[-122.709,44.663],[-122.691,44.308],[-122.918,44.3],[-123.019,44.177],[-122.967,44.116],[-122.789,44.206],[-122.906,44.097],[-122.707,44.098],[-122.867,44.015],[-122.666,43.978],[-122.715,43.949],[-122.656,43.904],[-122.758,43.933],[-122.696,43.894],[-122.787,43.903],[-122.774,43.83],[-122.984,43.9],[-122.885,43.744],[-122.956,43.774],[-122.968,43.689],[-123.041,43.772],[-123.135,43.603],[-123.353,43.669],[-123.415,43.863],[-123.281,43.886],[-123.548,44.044],[-123.404,44.189],[-123.507,44.581],[-123.415,44.956],[-123.681,45.08],[-123.346,45.225],[-123.398,45.368],[-123.268,45.576],[-123.303,45.682],[-123.054,45.72],[-122.689,45.488],[-122.883,45.671],[-122.9,45.833],[-122.823,45.889],[-122.879,46.004],[-122.644,45.945]]]]}},{"type":"Feature","properties":{"gid":"30","name":"Edwards Plateau","l2":"South Central SEmi-Arid Prairies","l1":"Great Plains"},"geometry":{"type":"MultiPolygon","coordinates":[[[[-101.137,32.023],[-100.706,31.972],[-100.717,31.88],[-100.464,31.747],[-100.296,31.752],[-100.421,31.571],[-100.703,31.644],[-100.524,31.431],[-100.64,31.416],[-100.632,31.306],[-100.506,31.24],[-100.424,31.313],[-100.096,31.222],[-99.879,31.316],[-99.711,31.271],[-99.833,31.175],[-99.659,31.196],[-99.552,31.114],[-99.3,31.13],[-99.007,31.277],[-98.788,31.172],[-98.461,31.215],[-98.265,30.899],[-97.932,30.858],[-97.674,30.668],[-97.91,29.914],[-98.259,29.638],[-98.479,29.561],[-99.014,29.467],[-99.41,29.499],[-99.859,29.323],[-99.992,29.453],[-100.695,29.621],[-100.777,29.718],[-100.607,29.756],[-100.67,29.83],[-100.941,29.781],[-100.869,29.697],[-101.01,29.653],[-101.327,30.161],[-101.487,30.128],[-101.744,30.283],[-101.659,30.346],[-101.734,30.425],[-101.647,30.637],[-101.779,30.683],[-101.835,30.908],[-101.987,31.006],[-102.004,31.107],[-101.992,31.247],[-101.268,31.611],[-101.297,31.755],[-101.494,31.766],[-101.548,31.846],[-101.435,31.942],[-101.453,32.116],[-101.137,32.023]]],[[[-100.172,32.437],[-100.099,32.414],[-100.175,32.397],[-100.142,32.334],[-99.975,32.375],[-99.786,32.296],[-99.871,32.239],[-99.822,32.163],[-100.039,32.118],[-100.155,32.192],[-100.164,32.054],[-100.333,31.961],[-100.549,32.081],[-100.607,32.003],[-100.602,32.083],[-100.679,32.081],[-100.661,32.257],[-100.527,32.355],[-100.428,32.326],[-100.262,32.46],[-100.172,32.437]]]]}},{"type":"Feature","properties":{"gid":"31","name":"Southern Texas Plains","l2":"Tamaulipas-Texas SEmiarid Plain","l1":"Great Plains"},"geometry":{"type":"MultiPolygon","coordinates":[[[[-100.616,29.802],[-100.773,29.685],[-100.565,29.568],[-99.992,29.453],[-99.911,29.322],[-99.413,29.498],[-98.877,29.517],[-98.909,29.39],[-98.794,29.249],[-98.849,29.137],[-98.642,28.921],[-98.358,28.923],[-98.171,28.47],[-98.059,28.315],[-97.882,28.241],[-97.869,28.037],[-98.115,27.984],[-98.098,27.846],[-98.304,27.696],[-98.229,27.596],[-98.336,27.57],[-98.27,27.475],[-98.466,27.426],[-98.434,27.341],[-98.675,27.293],[-98.588,27.155],[-98.672,27.051],[-98.878,27.03],[-98.819,26.865],[-98.747,26.907],[-98.609,26.722],[-98.32,26.648],[-98.478,26.474],[-98.42,26.187],[-99.111,26.426],[-99.269,26.843],[-99.447,27.024],[-99.442,27.25],[-99.538,27.317],[-99.512,27.568],[-99.877,27.798],[-99.932,27.981],[-100.291,28.275],[-100.334,28.499],[-100.5,28.662],[-100.675,29.1],[-100.966,29.348],[-100.877,29.488],[-100.971,29.574],[-100.864,29.714],[-100.944,29.778],[-100.616,29.802]]]]}},{"type":"Feature","properties":{"gid":"32","name":"Texas Blackland Prairies","l2":"South Central SEmi-Arid Prairies","l1":"Great Plains"},"geometry":{"type":"MultiPolygon","coordinates":[[[[-96.625,33.744],[-96.199,33.618],[-95.604,33.763],[-95.634,33.654],[-95.389,33.66],[-95.174,33.492],[-95.486,33.474],[-95.602,33.219],[-95.92,33.036],[-96.074,33.161],[-96.225,32.966],[-96.282,32.859],[-96.144,32.739],[-96.185,32.444],[-96.282,32.402],[-96.498,32.513],[-96.539,32.45],[-96.19,32.151],[-96.228,31.994],[-96.924,30.942],[-96.898,30.848],[-97.416,30.288],[-97.544,30.295],[-97.51,30.186],[-97.628,30.038],[-97.57,29.77],[-97.703,29.804],[-97.715,29.708],[-97.89,29.672],[-97.862,29.561],[-98.021,29.526],[-98.353,29.229],[-98.767,29.233],[-98.909,29.39],[-98.877,29.517],[-98.269,29.633],[-97.908,29.916],[-97.697,30.451],[-97.659,30.801],[-97.573,30.975],[-97.43,31.022],[-97.384,31.373],[-97.123,31.616],[-97.12,31.863],[-97.24,31.97],[-97.273,32.225],[-97.147,32.346],[-97.273,32.446],[-97.039,32.77],[-97.092,32.918],[-96.987,33.096],[-96.921,33.652],[-96.687,33.79],[-96.625,33.744]]],[[[-95.813,30.548],[-95.859,30.402],[-95.748,30.446],[-95.665,30.341],[-95.936,30.343],[-95.975,30.248],[-96.199,30.199],[-96.192,30.052],[-96.311,30.041],[-96.402,29.904],[-96.529,29.902],[-96.509,29.807],[-96.631,29.905],[-96.672,29.793],[-96.597,29.714],[-96.726,29.662],[-96.87,29.367],[-97.22,29.223],[-97.307,29.037],[-97.625,28.938],[-97.693,28.981],[-96.628,30.195],[-96.128,30.373],[-95.933,30.562],[-95.813,30.548]]]]}},{"type":"Feature","properties":{"gid":"33","name":"East Central Texas Plains","l2":"Southeastern USA Plains","l1":"Eastern Temperate Forests"},"geometry":{"type":"MultiPolygon","coordinates":[[[[-96.438,34.033],[-96.123,33.908],[-96.359,33.685],[-95.621,33.895],[-95.271,33.829],[-95.167,33.69],[-94.843,33.647],[-94.623,33.254],[-94.92,33.084],[-95.292,33.02],[-95.581,32.612],[-95.562,32.471],[-95.77,32.292],[-95.698,32.013],[-95.75,31.664],[-95.574,30.991],[-95.616,30.897],[-95.851,30.768],[-95.859,30.619],[-96.119,30.379],[-96.495,30.27],[-96.827,30.012],[-96.842,29.899],[-97.696,28.986],[-97.625,28.938],[-97.307,29.037],[-97.22,29.223],[-96.87,29.367],[-96.726,29.662],[-96.597,29.714],[-96.672,29.793],[-96.631,29.905],[-96.509,29.807],[-96.529,29.902],[-96.402,29.904],[-96.311,30.041],[-96.192,30.052],[-96.196,30.2],[-96.048,30.253],[-95.858,30.13],[-96.104,30.073],[-96.138,29.867],[-96.336,29.862],[-96.419,29.676],[-96.585,29.658],[-96.541,29.614],[-96.746,29.082],[-96.92,29.128],[-97.118,29.052],[-97.16,28.82],[-97.105,28.737],[-97.49,28.605],[-97.357,28.525],[-97.39,28.458],[-97.699,28.401],[-97.711,28.307],[-97.88,28.317],[-97.882,28.241],[-98.059,28.315],[-98.171,28.47],[-98.358,28.923],[-98.666,28.932],[-98.843,29.192],[-98.794,29.249],[-98.353,29.229],[-98.021,29.526],[-97.862,29.561],[-97.89,29.672],[-97.715,29.708],[-97.703,29.804],[-97.57,29.77],[-97.628,30.038],[-97.51,30.186],[-97.544,30.295],[-97.416,30.288],[-96.898,30.848],[-96.924,30.942],[-96.228,31.994],[-96.19,32.151],[-96.539,32.45],[-96.498,32.513],[-96.282,32.402],[-96.185,32.444],[-96.144,32.739],[-96.282,32.859],[-96.225,32.966],[-96.074,33.161],[-95.92,33.036],[-95.602,33.219],[-95.486,33.474],[-95.174,33.492],[-95.389,33.66],[-95.634,33.654],[-95.604,33.763],[-96.199,33.618],[-96.562,33.701],[-96.677,33.86],[-96.438,34.033]]]]}},{"type":"Feature","properties":{"gid":"34","name":"Western Gulf Coastal Plain","l2":"Texas-Louisiana Coastal Plain","l1":"Great Plains"},"geometry":{"type":"MultiPolygon","coordinates":[[[[-92.283,30.763],[-92.102,30.7],[-92.036,30.577],[-92.073,30.453],[-91.981,30.412],[-91.983,30.183],[-91.651,29.862],[-91.98,29.929],[-92.138,29.719],[-92.208,29.748],[-92.102,29.7],[-92.117,29.604],[-92.295,29.532],[-93.232,29.778],[-94.043,29.674],[-94.499,29.506],[-94.468,29.558],[-94.554,29.574],[-94.781,29.531],[-94.691,29.654],[-94.722,29.788],[-94.901,29.658],[-94.966,29.701],[-95.022,29.552],[-94.81,29.364],[-94.886,29.39],[-94.898,29.303],[-95.098,29.177],[-95.207,29.213],[-95.148,29.18],[-95.222,29.016],[-95.123,29.071],[-95.384,28.865],[-95.926,28.7],[-95.962,28.625],[-95.697,28.726],[-95.977,28.597],[-95.993,28.663],[-96.227,28.58],[-96.173,28.763],[-96.362,28.626],[-96.435,28.732],[-96.374,28.625],[-96.487,28.57],[-96.462,28.668],[-96.484,28.606],[-96.644,28.712],[-96.639,28.572],[-96.403,28.443],[-96.667,28.324],[-96.809,28.479],[-96.764,28.411],[-96.86,28.413],[-96.794,28.229],[-96.96,28.123],[-96.918,28.27],[-96.978,28.13],[-97.025,28.206],[-97.262,28.078],[-97.158,28.048],[-97.181,27.971],[-97.02,28.104],[-97.188,27.824],[-97.556,27.872],[-97.384,27.84],[-97.37,27.742],[-97.243,27.687],[-97.411,27.323],[-97.546,27.286],[-97.495,27.469],[-97.559,27.409],[-97.474,27.398],[-97.611,27.285],[-97.771,27.453],[-97.655,27.304],[-97.777,27.279],[-97.423,27.262],[-97.587,26.849],[-97.472,26.759],[-97.416,26.553],[-97.477,26.457],[-97.392,26.416],[-97.414,26.35],[-97.331,26.353],[-97.311,26.119],[-97.2,26.075],[-97.258,25.996],[-97.154,25.999],[-97.155,26.06],[-97.148,25.953],[-97.284,25.959],[-97.424,25.84],[-97.663,26.038],[-98.194,26.053],[-98.42,26.187],[-98.478,26.474],[-98.32,26.648],[-98.609,26.722],[-98.747,26.907],[-98.819,26.865],[-98.878,27.031],[-98.672,27.051],[-98.588,27.155],[-98.675,27.293],[-98.434,27.341],[-98.466,27.426],[-98.27,27.475],[-98.336,27.57],[-98.229,27.596],[-98.307,27.688],[-98.098,27.846],[-98.118,27.981],[-97.872,28.035],[-97.832,28.117],[-97.892,28.311],[-97.749,28.285],[-97.699,28.401],[-97.39,28.458],[-97.357,28.525],[-97.49,28.605],[-97.105,28.737],[-97.16,28.82],[-97.114,29.055],[-96.92,29.128],[-96.746,29.082],[-96.541,29.614],[-96.585,29.658],[-96.419,29.676],[-96.336,29.862],[-96.138,29.867],[-96.106,30.072],[-95.951,30.14],[-95.802,30.083],[-95.594,30.125],[-95.138,29.901],[-95.062,30.096],[-94.944,30.175],[-94.724,29.848],[-94.722,30.205],[-94.567,30.0],[-94.195,30.167],[-94.064,30.066],[-94.023,30.19],[-93.82,30.223],[-93.717,30.114],[-93.48,30.286],[-93.279,30.278],[-93.268,30.198],[-92.776,30.644],[-92.578,30.588],[-92.494,30.729],[-92.283,30.763]]],[[[-97.258,27.657],[-97.203,27.614],[-97.379,27.069],[-97.301,26.564],[-97.394,26.862],[-97.39,27.204],[-97.226,27.586],[-97.258,27.657]]],[[[-96.402,28.369],[-96.851,28.065],[-96.816,28.175],[-96.402,28.369]]],[[[-94.731,29.338],[-95.111,29.089],[-94.877,29.293],[-94.731,29.338]]],[[[-96.875,28.07],[-97.055,27.846],[-96.968,28.02],[-96.875,28.07]]],[[[-94.505,29.51],[-94.781,29.365],[-94.681,29.454],[-94.505,29.51]]]]}},{"type":"Feature","properties":{"gid":"35","name":"South Central Plains","l2":"Southeastern USA Plains","l1":"Eastern Temperate Forests"},"geometry":{"type":"MultiPolygon","coordinates":[[[[-91.998,34.15],[-91.663,33.858],[-91.52,33.57],[-91.714,32.971],[-91.928,32.884],[-92.166,32.659],[-92.145,32.206],[-91.82,31.835],[-92.165,31.471],[-92.149,31.21],[-92.072,31.213],[-92.026,31.065],[-92.145,31.01],[-92.019,30.793],[-92.045,30.626],[-92.214,30.769],[-92.38,30.78],[-92.57,30.59],[-92.776,30.644],[-93.229,30.217],[-93.279,30.278],[-93.583,30.268],[-93.728,30.111],[-93.82,30.223],[-94.023,30.19],[-94.064,30.066],[-94.195,30.167],[-94.569,30.001],[-94.722,30.205],[-94.724,29.848],[-94.938,30.174],[-95.178,29.9],[-95.361,30.065],[-95.598,30.125],[-95.803,30.083],[-96.001,30.226],[-95.936,30.343],[-95.663,30.344],[-95.748,30.446],[-95.856,30.399],[-95.814,30.564],[-95.919,30.561],[-95.858,30.759],[-95.573,30.986],[-95.75,31.664],[-95.698,32.013],[-95.77,32.292],[-95.562,32.471],[-95.581,32.612],[-95.292,33.02],[-94.92,33.084],[-94.622,33.279],[-94.843,33.647],[-95.167,33.69],[-95.271,33.829],[-95.621,33.895],[-96.36,33.686],[-96.123,33.908],[-96.409,34.014],[-96.256,34.083],[-96.157,33.987],[-96.065,34.078],[-96.495,34.223],[-96.538,34.325],[-96.355,34.248],[-96.415,34.37],[-96.363,34.468],[-96.267,34.316],[-96.109,34.385],[-95.519,34.203],[-95.255,34.211],[-95.029,34.083],[-94.466,34.066],[-93.936,34.15],[-93.434,34.053],[-93.041,34.21],[-92.707,34.518],[-92.292,34.752],[-91.998,34.15]]],[[[-91.797,32.892],[-92.009,32.545],[-92.024,32.657],[-91.797,32.892]]]]}},{"type":"Feature","properties":{"gid":"36","name":"Ouachita Mountains","l2":"Ozark/Ouachita-Appalachian Forests","l1":"Eastern Temperate Forests"},"geometry":{"type":"MultiPolygon","coordinates":[[[[-92.733,35.003],[-92.493,34.939],[-92.463,34.83],[-92.292,34.752],[-92.707,34.518],[-93.041,34.21],[-93.434,34.053],[-93.936,34.15],[-94.466,34.066],[-95.029,34.083],[-95.255,34.211],[-95.519,34.203],[-96.133,34.382],[-95.907,34.668],[-95.338,34.89],[-94.607,34.83],[-94.209,34.925],[-94.116,34.863],[-93.335,35.067],[-93.075,35.01],[-92.549,35.092],[-92.733,35.003]]],[[[-92.007,35.043],[-92.27,34.76],[-92.441,34.87],[-92.34,34.944],[-92.562,34.977],[-92.464,35.048],[-92.401,34.98],[-92.007,35.043]]]]}},{"type":"Feature","properties":{"gid":"37","name":"Arkansas Valley","l2":"Ozark/Ouachita-Appalachian Forests","l1":"Eastern Temperate Forests"},"geometry":{"type":"MultiPolygon","coordinates":[[[[-91.531,35.662],[-91.398,35.487],[-91.911,35.083],[-92.015,35.084],[-91.972,35.034],[-92.534,35.027],[-92.562,34.977],[-92.45,34.919],[-92.338,34.942],[-92.437,34.86],[-92.253,34.745],[-92.463,34.83],[-92.493,34.939],[-92.742,34.972],[-92.563,35.1],[-93.075,35.01],[-93.335,35.067],[-94.116,34.863],[-94.209,34.925],[-94.607,34.83],[-95.338,34.89],[-95.907,34.668],[-96.258,34.315],[-96.396,34.5],[-96.654,34.62],[-96.543,34.669],[-96.659,34.732],[-96.615,34.798],[-96.184,35.041],[-96.08,35.218],[-95.705,35.366],[-95.533,35.282],[-95.318,35.292],[-95.156,35.551],[-95.04,35.455],[-94.93,35.529],[-94.55,35.497],[-94.605,35.408],[-94.311,35.487],[-94.203,35.597],[-93.865,35.618],[-93.723,35.541],[-93.417,35.57],[-92.771,35.425],[-92.44,35.613],[-92.355,35.548],[-92.155,35.606],[-92.018,35.502],[-91.531,35.662]]]]}},{"type":"Feature","properties":{"gid":"38","name":"Boston Mountains","l2":"Ozark/Ouachita-Appalachian Forests","l1":"Eastern Temperate Forests"},"geometry":{"type":"MultiPolygon","coordinates":[[[[-93.356,36.283],[-93.389,36.223],[-93.326,36.192],[-93.197,36.219],[-93.204,35.998],[-93.026,35.965],[-93.005,35.877],[-92.89,35.967],[-92.839,35.877],[-92.586,35.924],[-92.132,35.788],[-92.009,35.87],[-91.606,35.646],[-92.018,35.502],[-92.155,35.606],[-92.355,35.548],[-92.44,35.613],[-92.771,35.425],[-94.099,35.622],[-94.606,35.408],[-94.546,35.494],[-94.651,35.523],[-94.941,35.527],[-95.045,35.455],[-95.079,35.549],[-95.265,35.585],[-95.148,35.708],[-95.325,35.653],[-95.191,35.78],[-95.297,35.829],[-95.235,35.996],[-95.188,35.923],[-95.039,35.992],[-95.152,35.895],[-94.981,35.888],[-95.058,35.812],[-94.945,35.832],[-95.037,35.727],[-94.861,35.74],[-94.971,35.646],[-94.84,35.628],[-94.555,35.721],[-94.484,35.872],[-94.407,35.847],[-94.089,36.129],[-93.636,36.133],[-93.52,36.043],[-93.543,36.123],[-93.402,36.206],[-93.449,36.301],[-93.356,36.283]]]]}},{"type":"Feature","properties":{"gid":"39","name":"Ozark Highlands","l2":"Ozark/Ouachita-Appalachian Forests","l1":"Eastern Temperate Forests"},"geometry":{"type":"MultiPolygon","coordinates":[[[[-92.711,38.885],[-92.666,38.808],[-92.536,38.806],[-92.797,38.731],[-92.627,38.677],[-92.718,38.6],[-92.508,38.528],[-92.614,38.437],[-92.536,38.404],[-91.57,38.643],[-91.016,38.453],[-90.462,38.628],[-90.287,38.463],[-90.375,38.157],[-89.982,37.8],[-89.925,37.712],[-89.976,37.617],[-89.663,37.254],[-89.801,37.303],[-89.811,37.228],[-90.077,37.144],[-90.291,36.828],[-90.749,36.497],[-91.396,35.725],[-91.528,35.712],[-91.497,35.636],[-91.852,35.732],[-92.009,35.87],[-92.132,35.788],[-92.586,35.924],[-92.839,35.877],[-92.89,35.967],[-93.005,35.877],[-93.026,35.965],[-93.204,35.998],[-93.197,36.219],[-93.383,36.215],[-93.397,36.304],[-93.452,36.295],[-93.403,36.205],[-93.545,36.119],[-93.517,36.044],[-93.636,36.133],[-94.089,36.129],[-94.407,35.847],[-94.484,35.872],[-94.555,35.721],[-94.971,35.645],[-94.85,35.726],[-95.035,35.724],[-94.947,35.839],[-95.056,35.811],[-94.981,35.888],[-95.153,35.899],[-95.039,35.992],[-95.195,35.924],[-95.298,36.024],[-95.135,36.575],[-94.844,36.687],[-94.572,37.308],[-94.137,37.392],[-94.169,37.471],[-93.998,37.431],[-93.931,37.714],[-94.054,37.711],[-93.753,37.984],[-93.877,37.974],[-93.946,38.08],[-93.655,38.096],[-93.614,38.303],[-93.399,38.405],[-93.362,38.302],[-93.294,38.315],[-93.312,38.422],[-93.084,38.525],[-93.151,38.499],[-93.151,38.591],[-93.275,38.664],[-93.034,38.663],[-92.953,38.864],[-92.855,38.798],[-92.833,38.872],[-92.795,38.802],[-92.711,38.885]]]]}},{"type":"Feature","properties":{"gid":"4","name":"Cascades","l2":"Western Cordillera","l1":"Northwestern Forested Mountains"},"geometry":{"type":"MultiPolygon","coordinates":[[[[-122.039,47.518],[-121.827,47.512],[-121.167,47.216],[-121.041,47.086],[-121.253,47.091],[-121.289,47.026],[-121.18,46.979],[-121.373,46.934],[-121.261,46.943],[-121.329,46.864],[-121.168,46.81],[-121.336,46.654],[-121.26,46.565],[-121.34,46.427],[-121.271,46.382],[-121.415,46.319],[-121.363,46.202],[-121.413,46.11],[-121.657,46.087],[-121.759,45.83],[-121.584,45.706],[-121.643,45.635],[-121.553,45.588],[-121.674,45.567],[-121.645,45.457],[-121.492,45.474],[-121.462,45.412],[-121.477,45.258],[-121.602,45.18],[-121.533,45.123],[-121.686,44.979],[-121.648,44.668],[-121.757,44.613],[-121.688,44.58],[-121.746,44.219],[-121.537,44.101],[-121.553,44.009],[-121.882,43.804],[-121.992,43.36],[-121.882,43.323],[-121.991,43.294],[-121.933,43.28],[-121.992,43.112],[-121.891,42.93],[-122.129,42.737],[-122.028,42.271],[-122.215,42.332],[-122.346,42.275],[-122.353,42.091],[-122.44,42.08],[-122.565,42.253],[-122.703,42.293],[-122.407,42.318],[-122.665,42.644],[-122.528,42.73],[-122.946,42.684],[-122.976,42.82],[-122.909,42.91],[-123.05,42.979],[-123.027,43.079],[-123.138,43.191],[-123.009,43.286],[-123.239,43.56],[-123.084,43.646],[-123.041,43.772],[-122.968,43.689],[-122.956,43.774],[-122.885,43.744],[-122.984,43.9],[-122.774,43.83],[-122.787,43.903],[-122.696,43.894],[-122.758,43.933],[-122.656,43.904],[-122.715,43.949],[-122.666,43.978],[-122.867,44.015],[-122.707,44.098],[-122.906,44.097],[-122.789,44.206],[-122.967,44.116],[-123.019,44.177],[-122.918,44.3],[-122.691,44.308],[-122.709,44.663],[-122.599,44.756],[-122.457,44.747],[-122.716,44.851],[-122.703,45.007],[-122.557,45.044],[-122.265,45.303],[-122.328,45.532],[-122.185,45.615],[-122.426,45.668],[-122.516,45.912],[-122.804,46.007],[-122.735,46.062],[-122.821,46.064],[-122.756,46.128],[-122.845,46.146],[-122.823,46.217],[-122.63,46.288],[-122.652,46.4],[-122.492,46.601],[-122.712,46.669],[-122.761,46.721],[-122.669,46.746],[-122.846,46.843],[-122.463,46.782],[-122.288,46.865],[-122.158,47.06],[-121.88,47.161],[-121.921,47.351],[-121.839,47.414],[-122.039,47.518]]],[[[-122.221,41.946],[-121.992,41.732],[-121.932,41.548],[-121.772,41.721],[-121.471,41.662],[-121.408,41.515],[-121.463,41.376],[-121.236,41.248],[-121.162,41.059],[-121.245,41.005],[-121.3,41.112],[-121.581,41.13],[-121.53,41.049],[-121.121,40.835],[-120.9,40.883],[-120.785,40.707],[-120.838,40.568],[-120.718,40.619],[-120.561,40.506],[-120.673,40.412],[-120.92,40.404],[-120.968,40.294],[-121.081,40.28],[-121.028,40.191],[-121.236,40.19],[-121.302,40.046],[-121.566,40.064],[-121.635,39.945],[-121.568,39.721],[-121.653,39.73],[-121.593,39.794],[-121.682,39.829],[-121.677,39.919],[-121.753,39.894],[-121.773,40.059],[-121.685,40.074],[-121.65,40.146],[-121.735,40.15],[-121.632,40.224],[-121.768,40.208],[-121.821,40.304],[-121.705,40.368],[-122.036,40.512],[-121.881,40.545],[-121.87,40.597],[-121.972,40.602],[-121.91,40.672],[-122.023,40.69],[-121.899,40.816],[-121.971,40.974],[-121.862,40.994],[-121.905,41.097],[-121.793,41.157],[-122.083,41.184],[-122.417,41.362],[-122.422,41.447],[-122.193,41.573],[-122.349,41.673],[-122.265,41.77],[-122.327,41.927],[-122.221,41.946]]],[[[-121.21,43.682],[-121.301,43.685],[-121.285,43.77],[-121.168,43.735],[-121.21,43.682]]]]}},{"type":"Feature","properties":{"gid":"40","name":"Central Irregular Plains","l2":"Temperate Prairies","l1":"Great Plains"},"geometry":{"type":"MultiPolygon","coordinates":[[[[-94.885,39.285],[-94.608,39.089],[-94.431,39.056],[-94.227,39.118],[-94.17,39.028],[-93.904,39.11],[-93.939,38.992],[-93.858,38.938],[-93.163,38.964],[-93.249,38.886],[-93.091,38.87],[-93.249,38.832],[-93.288,38.749],[-93.148,38.775],[-93.028,38.678],[-93.276,38.663],[-93.151,38.591],[-93.151,38.499],[-93.084,38.525],[-93.312,38.422],[-93.294,38.315],[-93.362,38.302],[-93.399,38.405],[-93.614,38.303],[-93.655,38.096],[-93.946,38.08],[-93.877,37.974],[-93.753,37.984],[-94.054,37.711],[-93.931,37.714],[-93.998,37.431],[-94.169,37.471],[-94.137,37.392],[-94.572,37.308],[-94.844,36.687],[-95.135,36.575],[-95.299,36.028],[-95.238,35.995],[-95.297,35.829],[-95.191,35.78],[-95.325,35.653],[-95.139,35.68],[-95.265,35.588],[-95.157,35.55],[-95.296,35.318],[-95.394,35.556],[-95.551,35.378],[-95.759,35.496],[-95.731,35.566],[-95.851,35.499],[-95.981,35.627],[-95.914,35.792],[-95.8,35.788],[-95.675,35.9],[-95.812,35.915],[-96.175,35.728],[-96.004,36.066],[-96.046,36.193],[-95.991,36.262],[-96.063,36.341],[-95.972,36.551],[-95.999,37.055],[-95.831,37.229],[-95.94,37.298],[-95.89,37.366],[-95.942,37.441],[-95.86,37.48],[-95.986,37.575],[-95.747,37.804],[-95.786,37.85],[-95.962,37.759],[-95.869,37.841],[-95.883,38.003],[-96.079,38.122],[-96.118,38.482],[-96.052,38.627],[-96.138,38.759],[-95.91,38.922],[-95.952,39.108],[-95.864,39.332],[-95.677,39.221],[-94.99,39.389],[-94.885,39.285]]],[[[-93.266,41.308],[-92.112,40.991],[-91.597,40.997],[-91.213,40.745],[-91.275,40.641],[-91.47,40.576],[-91.381,40.526],[-91.376,40.397],[-91.609,40.503],[-91.5,40.042],[-91.524,39.949],[-91.629,39.973],[-91.529,39.916],[-91.664,39.833],[-91.992,39.93],[-91.924,39.867],[-91.98,39.822],[-91.75,39.786],[-91.859,39.69],[-91.427,39.712],[-91.501,39.736],[-91.469,39.659],[-91.617,39.656],[-91.662,39.572],[-91.804,39.624],[-91.786,39.544],[-91.947,39.662],[-92.007,39.587],[-91.902,39.512],[-91.992,39.469],[-91.849,39.395],[-91.911,39.326],[-91.77,39.278],[-91.792,39.446],[-91.712,39.46],[-91.676,39.37],[-91.606,39.511],[-91.395,39.582],[-91.566,39.415],[-91.453,39.447],[-91.389,39.356],[-91.362,39.436],[-91.104,39.31],[-91.075,39.262],[-91.185,39.291],[-91.201,39.225],[-91.409,39.269],[-91.127,39.049],[-91.402,39.177],[-91.524,39.109],[-91.279,39.04],[-91.324,38.973],[-91.241,38.997],[-91.24,38.891],[-91.188,38.968],[-90.93,38.981],[-90.935,38.904],[-91.103,38.961],[-91.198,38.861],[-90.926,38.822],[-90.988,38.808],[-90.893,38.752],[-90.931,38.675],[-91.054,38.787],[-91.516,38.889],[-91.598,38.989],[-91.566,39.068],[-91.722,39.098],[-91.769,38.961],[-91.65,38.912],[-91.742,38.885],[-91.948,39.003],[-91.895,38.947],[-91.991,38.927],[-91.977,38.817],[-92.158,38.876],[-92.276,38.76],[-92.258,38.954],[-92.468,39.082],[-92.457,39.282],[-92.598,39.306],[-92.776,39.176],[-92.776,39.309],[-93.186,39.456],[-93.146,39.629],[-93.284,39.559],[-93.219,39.399],[-93.278,39.366],[-93.612,39.374],[-94.019,39.234],[-94.588,39.439],[-94.702,40.207],[-94.579,40.535],[-94.382,40.626],[-94.208,40.994],[-93.266,41.308]]]]}},{"type":"Feature","properties":{"gid":"41","name":"Canadian Rockies","l2":"Western Cordillera","l1":"Northwestern Forested Mountains"},"geometry":{"type":"MultiPolygon","coordinates":[[[[-114.04,48.999],[-113.429,48.999],[-113.33,48.913],[-113.375,48.806],[-113.23,48.593],[-113.327,48.564],[-113.17,48.524],[-113.267,48.51],[-113.11,48.33],[-112.877,48.279],[-112.857,48.206],[-112.741,48.229],[-112.838,48.175],[-112.707,48.112],[-112.64,47.946],[-112.613,47.794],[-112.713,47.599],[-112.596,47.522],[-112.724,47.465],[-112.411,47.28],[-112.372,47.183],[-112.774,47.216],[-112.731,47.286],[-112.923,47.334],[-113.05,47.249],[-113.146,47.261],[-113.123,47.318],[-113.283,47.232],[-113.462,47.293],[-113.49,47.198],[-113.594,47.352],[-113.635,47.188],[-113.886,47.201],[-114.013,47.378],[-114.03,47.942],[-113.886,47.942],[-113.722,47.375],[-113.581,47.433],[-113.814,47.931],[-114.119,48.269],[-114.15,48.435],[-114.412,48.488],[-114.583,48.698],[-114.518,48.581],[-114.757,48.692],[-115.027,49.0],[-114.04,48.999]]]]}},{"type":"Feature","properties":{"gid":"42","name":"Northwestern Glaciated Plains","l2":"West-Central SEmi-Arid Prairies","l1":"Great Plains"},"geometry":{"type":"MultiPolygon","coordinates":[[[[-113.01,48.999],[-103.67,48.999],[-103.747,48.865],[-103.454,48.948],[-103.361,48.91],[-103.333,48.776],[-103.078,48.848],[-102.433,48.735],[-101.971,48.472],[-101.811,48.243],[-101.618,48.214],[-101.183,47.912],[-101.04,47.941],[-100.531,47.754],[-100.374,47.584],[-100.082,47.63],[-100.045,47.553],[-99.95,47.581],[-99.915,47.497],[-99.679,47.477],[-99.368,47.306],[-99.247,47.347],[-99.104,47.232],[-99.162,47.164],[-98.984,47.07],[-98.976,46.841],[-98.814,46.419],[-98.804,45.978],[-98.95,45.738],[-99.041,45.119],[-99.226,45.015],[-99.143,44.96],[-99.149,44.85],[-99.643,44.612],[-99.443,44.502],[-99.101,44.49],[-98.983,44.342],[-98.833,44.496],[-98.542,43.987],[-98.577,43.761],[-98.204,43.526],[-97.871,43.139],[-97.848,43.061],[-97.975,42.909],[-97.838,42.863],[-97.971,42.698],[-98.034,42.119],[-98.543,42.42],[-99.129,42.591],[-99.117,42.719],[-99.221,42.795],[-98.234,42.732],[-98.759,42.778],[-99.02,42.904],[-99.964,43.074],[-99.733,43.288],[-99.714,43.42],[-99.345,43.551],[-99.325,43.671],[-99.417,43.684],[-99.24,43.876],[-99.318,43.943],[-99.221,43.892],[-99.133,43.92],[-99.208,43.983],[-99.01,44.016],[-99.329,44.256],[-99.235,44.461],[-99.448,44.325],[-99.302,44.171],[-99.343,44.066],[-99.613,44.291],[-99.776,44.138],[-99.882,44.136],[-99.927,44.201],[-99.861,44.331],[-99.956,44.267],[-100.051,44.301],[-100.061,44.401],[-100.318,44.378],[-100.416,44.493],[-100.519,44.496],[-100.457,44.646],[-100.611,44.615],[-100.589,44.744],[-100.497,44.689],[-100.509,44.751],[-100.305,44.864],[-100.38,44.983],[-100.106,45.069],[-100.247,45.102],[-100.174,45.22],[-100.237,45.287],[-99.864,45.331],[-100.047,45.336],[-100.046,45.413],[-100.273,45.334],[-100.252,45.492],[-100.444,45.54],[-100.2,45.709],[-100.352,45.847],[-100.312,45.938],[-100.405,45.954],[-100.423,46.045],[-100.619,46.101],[-100.574,46.173],[-100.333,46.023],[-100.444,46.188],[-100.404,46.251],[-100.551,46.381],[-100.033,46.229],[-99.912,46.264],[-99.892,46.358],[-100.033,46.252],[-100.094,46.342],[-100.247,46.291],[-100.305,46.348],[-100.244,46.404],[-100.487,46.457],[-100.318,46.52],[-100.349,46.567],[-100.788,46.693],[-100.815,46.885],[-100.672,46.993],[-100.822,46.963],[-100.813,47.112],[-100.926,47.122],[-101.027,47.285],[-101.343,47.293],[-101.438,47.464],[-101.374,47.522],[-101.547,47.562],[-101.554,47.717],[-101.691,47.577],[-102.11,47.623],[-102.208,47.673],[-102.109,47.735],[-102.236,47.769],[-102.275,47.887],[-102.183,47.999],[-102.45,47.972],[-102.458,47.806],[-102.62,47.84],[-102.458,47.996],[-102.503,48.087],[-102.372,48.164],[-102.546,48.154],[-102.566,48.032],[-102.686,48.128],[-102.745,48.539],[-102.774,48.41],[-102.869,48.393],[-102.785,48.351],[-102.805,48.254],[-103.172,48.26],[-103.445,48.076],[-103.492,48.144],[-103.388,48.242],[-103.525,48.217],[-103.515,48.303],[-103.625,48.227],[-103.696,48.265],[-103.655,48.148],[-103.966,48.051],[-104.538,48.135],[-104.501,48.205],[-104.639,48.103],[-104.816,48.109],[-104.284,47.955],[-104.047,47.97],[-104.05,47.858],[-104.406,47.393],[-104.574,47.312],[-104.439,47.637],[-104.557,47.779],[-105.092,47.799],[-105.084,47.69],[-105.336,47.495],[-105.662,47.684],[-105.709,47.835],[-106.1,47.787],[-106.079,47.936],[-105.921,47.996],[-106.368,48.042],[-106.504,47.974],[-106.917,48.162],[-107.227,48.195],[-107.356,48.092],[-107.398,47.87],[-107.595,47.84],[-107.524,47.725],[-107.766,47.732],[-107.765,47.612],[-107.892,47.503],[-108.13,47.767],[-108.252,47.762],[-108.218,47.688],[-108.359,47.723],[-108.288,47.646],[-108.72,47.699],[-108.801,47.778],[-108.686,47.887],[-108.87,47.841],[-108.796,47.891],[-109.01,47.948],[-108.877,48.008],[-109.029,48.27],[-109.132,48.12],[-109.256,48.235],[-109.423,48.221],[-109.395,48.288],[-109.606,48.24],[-109.74,48.35],[-109.877,48.203],[-109.834,48.105],[-109.768,48.065],[-109.578,48.193],[-109.318,48.199],[-109.249,48.146],[-109.326,48.133],[-109.255,48.033],[-109.289,47.943],[-109.536,47.979],[-109.354,48.02],[-109.73,48.029],[-109.63,47.829],[-109.755,47.821],[-109.689,47.781],[-109.74,47.746],[-110.007,47.821],[-110.159,48.044],[-110.095,47.809],[-109.966,47.774],[-110.05,47.684],[-109.852,47.637],[-109.907,47.558],[-110.721,47.298],[-110.91,47.449],[-111.306,47.363],[-111.446,47.402],[-111.43,47.299],[-111.548,47.163],[-111.799,47.187],[-111.908,47.28],[-111.956,47.219],[-112.003,47.303],[-112.067,47.2],[-111.872,47.011],[-112.008,47.021],[-111.897,46.94],[-111.94,46.883],[-112.046,46.912],[-111.978,46.957],[-112.192,47.138],[-112.372,47.183],[-112.411,47.28],[-112.724,47.465],[-112.596,47.522],[-112.713,47.599],[-112.613,47.794],[-112.64,47.946],[-112.707,48.112],[-112.838,48.175],[-112.741,48.229],[-112.857,48.206],[-112.877,48.279],[-113.11,48.33],[-113.267,48.51],[-113.17,48.524],[-113.327,48.565],[-113.23,48.594],[-113.375,48.806],[-113.324,48.905],[-113.429,48.999],[-113.01,48.999]]],[[[-110.644,47.545],[-110.737,47.445],[-110.648,47.358],[-110.439,47.402],[-110.474,47.458],[-110.394,47.483],[-110.566,47.532],[-110.513,47.575],[-110.644,47.545]]],[[[-108.651,48.023],[-108.684,47.841],[-108.401,47.961],[-108.651,48.023]]],[[[-109.102,48.257],[-109.246,48.201],[-109.101,48.15],[-109.038,48.266],[-109.102,48.257]]]]}},{"type":"Feature","properties":{"gid":"43","name":"Northwestern Great Plains","l2":"West-Central SEmi-Arid Prairies","l1":"Great Plains"},"geometry":{"type":"MultiPolygon","coordinates":[[[[-108.945,48.191],[-108.877,48.008],[-109.01,47.948],[-108.796,47.891],[-108.87,47.841],[-108.686,47.887],[-108.801,47.778],[-108.72,47.699],[-108.288,47.646],[-108.359,47.723],[-108.218,47.688],[-108.252,47.762],[-108.13,47.767],[-107.892,47.503],[-107.765,47.612],[-107.766,47.732],[-107.524,47.725],[-107.595,47.84],[-107.398,47.87],[-107.356,48.092],[-107.227,48.195],[-106.917,48.162],[-106.504,47.974],[-106.368,48.042],[-105.921,47.996],[-106.079,47.936],[-106.1,47.787],[-105.709,47.835],[-105.662,47.684],[-105.336,47.495],[-105.084,47.69],[-105.092,47.799],[-104.557,47.779],[-104.439,47.637],[-104.574,47.312],[-104.406,47.393],[-104.05,47.858],[-104.047,47.97],[-104.284,47.955],[-104.816,48.109],[-104.639,48.103],[-104.501,48.205],[-104.538,48.135],[-103.966,48.051],[-103.655,48.148],[-103.696,48.265],[-103.625,48.227],[-103.515,48.303],[-103.525,48.217],[-103.388,48.242],[-103.492,48.144],[-103.445,48.076],[-103.172,48.26],[-102.805,48.254],[-102.785,48.351],[-102.869,48.393],[-102.774,48.41],[-102.745,48.539],[-102.686,48.128],[-102.566,48.032],[-102.546,48.154],[-102.372,48.164],[-102.503,48.087],[-102.458,47.996],[-102.62,47.84],[-102.458,47.806],[-102.45,47.972],[-102.183,47.999],[-102.275,47.887],[-102.236,47.769],[-102.109,47.735],[-102.208,47.673],[-102.11,47.623],[-101.691,47.577],[-101.554,47.717],[-101.547,47.562],[-101.374,47.522],[-101.438,47.464],[-101.343,47.293],[-101.027,47.285],[-100.926,47.122],[-100.813,47.112],[-100.822,46.963],[-100.672,46.993],[-100.815,46.885],[-100.788,46.693],[-100.349,46.567],[-100.318,46.52],[-100.487,46.457],[-100.244,46.404],[-100.305,46.348],[-100.247,46.291],[-100.094,46.342],[-100.033,46.252],[-99.892,46.358],[-99.912,46.264],[-100.033,46.229],[-100.551,46.381],[-100.404,46.251],[-100.444,46.188],[-100.333,46.023],[-100.574,46.173],[-100.619,46.101],[-100.423,46.045],[-100.405,45.954],[-100.312,45.938],[-100.352,45.847],[-100.2,45.709],[-100.444,45.54],[-100.252,45.492],[-100.273,45.334],[-100.046,45.413],[-100.047,45.336],[-99.864,45.331],[-100.237,45.287],[-100.174,45.22],[-100.247,45.102],[-100.106,45.069],[-100.38,44.983],[-100.305,44.864],[-100.509,44.751],[-100.497,44.689],[-100.589,44.744],[-100.611,44.615],[-100.457,44.646],[-100.519,44.496],[-100.416,44.493],[-100.318,44.378],[-100.061,44.401],[-100.051,44.301],[-99.956,44.267],[-99.861,44.331],[-99.927,44.201],[-99.882,44.136],[-99.776,44.138],[-99.613,44.291],[-99.343,44.066],[-99.302,44.171],[-99.448,44.327],[-99.232,44.459],[-99.329,44.256],[-99.012,44.004],[-99.208,43.983],[-99.133,43.92],[-99.221,43.892],[-99.318,43.943],[-99.24,43.876],[-99.417,43.684],[-99.325,43.671],[-99.345,43.551],[-99.714,43.42],[-99.733,43.288],[-99.964,43.074],[-98.993,42.885],[-99.309,42.77],[-99.288,42.707],[-99.652,42.669],[-99.693,42.489],[-99.712,42.651],[-99.808,42.632],[-99.692,42.708],[-99.85,42.739],[-100.065,42.611],[-100.083,42.663],[-99.927,42.743],[-100.17,42.758],[-100.147,42.817],[-100.349,42.897],[-100.582,42.766],[-100.629,42.797],[-100.504,42.885],[-100.789,42.944],[-101.097,43.128],[-101.362,43.164],[-101.419,43.06],[-102.162,43.098],[-102.15,43.015],[-102.586,42.98],[-102.179,43.259],[-101.952,43.319],[-101.714,43.234],[-101.608,43.318],[-101.423,43.314],[-101.62,43.41],[-101.898,43.356],[-101.997,43.498],[-102.154,43.522],[-102.196,43.432],[-102.394,43.492],[-102.363,43.378],[-102.495,43.431],[-102.559,43.285],[-102.761,43.276],[-102.867,42.958],[-102.792,42.931],[-102.814,42.863],[-103.388,42.63],[-103.6,42.834],[-103.801,42.765],[-104.109,42.887],[-104.764,42.91],[-105.132,42.682],[-104.958,42.58],[-104.926,42.422],[-104.994,42.346],[-105.154,42.439],[-105.221,42.614],[-105.361,42.595],[-105.469,42.475],[-105.509,42.562],[-105.4,42.625],[-105.503,42.751],[-105.88,42.783],[-106.148,42.682],[-106.173,42.766],[-106.403,42.769],[-106.907,43.329],[-106.756,43.49],[-106.809,43.622],[-106.664,43.701],[-106.819,43.854],[-106.787,44.337],[-106.922,44.458],[-106.911,44.606],[-107.185,44.694],[-107.461,44.929],[-107.735,45.004],[-107.991,45.263],[-108.131,45.181],[-107.964,44.97],[-108.027,44.917],[-108.275,45.03],[-108.415,45.365],[-108.691,45.35],[-108.652,45.232],[-109.072,45.21],[-109.013,45.128],[-109.088,45.083],[-109.529,45.259],[-109.619,45.221],[-109.572,45.27],[-109.799,45.318],[-109.78,45.422],[-109.917,45.413],[-109.696,45.429],[-109.608,45.514],[-109.759,45.547],[-109.74,45.689],[-110.002,45.686],[-110.087,45.6],[-110.053,45.548],[-110.206,45.533],[-110.47,45.641],[-110.756,45.622],[-110.787,45.693],[-110.695,45.744],[-110.786,45.85],[-110.758,45.932],[-110.972,45.987],[-110.844,46.073],[-110.885,46.198],[-111.19,46.21],[-111.064,46.251],[-111.028,46.417],[-111.786,46.935],[-111.892,46.864],[-111.801,46.735],[-111.942,46.804],[-111.895,46.937],[-112.008,47.021],[-111.682,46.942],[-111.724,47.02],[-111.579,47.041],[-111.567,47.119],[-111.825,47.183],[-111.498,47.192],[-111.454,47.399],[-110.91,47.449],[-110.721,47.298],[-109.907,47.558],[-109.852,47.637],[-110.05,47.684],[-109.966,47.774],[-110.095,47.809],[-110.159,48.044],[-110.007,47.821],[-109.736,47.746],[-109.689,47.781],[-109.755,47.821],[-109.63,47.829],[-109.73,48.029],[-109.354,48.02],[-109.536,47.979],[-109.289,47.943],[-109.255,48.033],[-109.326,48.133],[-109.25,48.147],[-109.42,48.219],[-109.256,48.235],[-109.131,48.12],[-109.029,48.27],[-108.945,48.191]]],[[[-104.48,44.959],[-104.894,44.782],[-104.895,44.45],[-104.678,44.162],[-104.51,44.17],[-104.302,43.893],[-104.132,43.807],[-104.035,43.558],[-103.905,43.403],[-103.812,43.415],[-103.741,43.257],[-103.587,43.316],[-103.481,43.244],[-103.23,43.813],[-103.242,44.157],[-103.663,44.62],[-103.994,44.625],[-104.213,44.842],[-104.48,44.959]]],[[[-111.297,47.072],[-111.324,46.899],[-111.253,46.821],[-111.187,46.795],[-111.226,46.888],[-110.983,46.848],[-111.155,46.794],[-111.129,46.737],[-110.515,46.639],[-110.467,46.503],[-110.639,46.594],[-110.841,46.504],[-110.766,46.392],[-110.572,46.494],[-110.431,46.448],[-110.444,46.565],[-110.36,46.623],[-109.832,46.699],[-110.255,46.8],[-110.342,46.881],[-110.293,46.988],[-110.568,47.155],[-110.803,47.108],[-111.001,47.176],[-111.149,47.098],[-111.228,47.17],[-111.297,47.072]]],[[[-109.353,47.013],[-109.426,47.04],[-109.59,46.893],[-109.525,46.84],[-109.652,46.779],[-109.534,46.683],[-109.258,46.649],[-108.859,46.75],[-108.989,46.836],[-108.896,46.936],[-109.304,46.923],[-109.353,47.013]]],[[[-110.553,46.387],[-110.583,46.208],[-110.459,46.159],[-110.487,45.988],[-110.136,45.961],[-110.159,46.118],[-110.244,46.164],[-110.221,46.284],[-110.397,46.273],[-110.553,46.387]]],[[[-109.29,47.23],[-109.379,47.145],[-109.223,47.005],[-109.174,47.031],[-109.261,47.082],[-109.017,47.247],[-109.29,47.23]]]]}},{"type":"Feature","properties":{"gid":"44","name":"Nebraska Sand Hills","l2":"West-Central SEmi-Arid Prairies","l1":"Great Plains"},"geometry":{"type":"MultiPolygon","coordinates":[[[[-101.216,43.124],[-100.504,42.885],[-100.629,42.797],[-100.582,42.766],[-100.349,42.897],[-100.147,42.817],[-100.17,42.758],[-99.927,42.743],[-100.083,42.663],[-100.065,42.611],[-99.85,42.739],[-99.692,42.708],[-99.808,42.632],[-99.712,42.651],[-99.693,42.489],[-99.614,42.69],[-99.158,42.775],[-99.132,42.593],[-98.537,42.418],[-98.003,42.099],[-98.171,41.921],[-98.089,41.779],[-98.446,41.767],[-98.424,41.643],[-98.523,41.634],[-98.548,41.537],[-98.656,41.547],[-98.907,41.778],[-99.466,41.81],[-99.952,41.535],[-100.582,41.472],[-100.61,41.394],[-100.221,41.307],[-100.179,40.934],[-100.834,41.228],[-101.397,41.185],[-102.277,41.376],[-103.417,42.061],[-103.377,42.133],[-102.779,42.037],[-102.819,42.147],[-102.698,42.408],[-102.456,42.619],[-101.976,42.759],[-102.3,42.992],[-102.139,43.022],[-102.166,43.097],[-101.419,43.06],[-101.353,43.101],[-101.422,43.148],[-101.216,43.124]]],[[[-101.147,41.138],[-100.818,41.091],[-100.675,40.963],[-100.645,40.777],[-100.888,40.844],[-100.793,40.708],[-100.777,40.484],[-101.032,40.724],[-101.09,40.654],[-101.3,40.904],[-101.242,41.106],[-101.147,41.138]]],[[[-98.934,42.82],[-98.234,42.732],[-98.567,42.712],[-99.089,42.833],[-98.975,42.883],[-98.934,42.82]]]]}},{"type":"Feature","properties":{"gid":"45","name":"Piedmont","l2":"Southeastern USA Plains","l1":"Eastern Temperate Forests"},"geometry":{"type":"MultiPolygon","coordinates":[[[[-77.191,38.809],[-77.082,38.894],[-77.566,38.265],[-77.504,37.353],[-77.596,36.689],[-77.7,36.519],[-77.651,36.477],[-77.779,36.441],[-77.809,36.223],[-77.963,36.161],[-78.126,35.947],[-78.055,35.881],[-78.138,35.85],[-78.089,35.734],[-78.145,35.664],[-78.315,35.697],[-78.33,35.588],[-78.45,35.648],[-78.445,35.55],[-78.66,35.66],[-78.666,35.589],[-78.841,35.65],[-78.939,35.517],[-78.866,35.476],[-78.833,35.553],[-78.833,35.443],[-78.767,35.517],[-78.82,35.421],[-79.065,35.499],[-79.233,35.435],[-79.082,35.449],[-78.975,35.348],[-79.214,35.41],[-79.527,35.29],[-79.602,35.284],[-79.598,35.364],[-79.779,35.314],[-79.748,35.108],[-79.824,35.071],[-79.767,35.023],[-79.958,34.965],[-79.937,34.818],[-80.011,34.881],[-80.128,34.843],[-80.081,34.731],[-80.452,34.747],[-80.417,34.638],[-80.572,34.639],[-80.522,34.551],[-80.59,34.566],[-80.648,34.313],[-80.872,34.282],[-80.749,34.22],[-80.997,34.216],[-80.952,34.121],[-81.088,34.017],[-81.894,33.811],[-81.868,33.727],[-82.01,33.488],[-82.138,33.525],[-82.366,33.424],[-82.439,33.562],[-82.464,33.37],[-82.628,33.355],[-82.601,33.244],[-82.699,33.337],[-82.735,33.236],[-82.909,33.254],[-82.988,33.106],[-83.111,33.282],[-83.046,33.085],[-83.11,33.059],[-83.132,33.197],[-83.165,33.033],[-83.513,32.963],[-83.749,32.795],[-84.0,32.777],[-84.093,32.66],[-84.355,32.676],[-84.999,32.504],[-85.473,32.535],[-85.487,32.621],[-85.816,32.604],[-85.887,32.536],[-86.005,32.64],[-86.274,32.622],[-86.504,32.751],[-86.676,32.966],[-86.846,32.973],[-86.639,33.176],[-86.453,33.039],[-86.248,33.147],[-86.2,33.284],[-85.661,33.637],[-85.657,33.778],[-85.439,33.931],[-85.017,33.961],[-84.964,34.058],[-84.254,34.32],[-84.264,34.51],[-84.096,34.633],[-83.818,34.644],[-83.578,34.793],[-83.572,34.714],[-83.393,34.733],[-83.339,34.645],[-83.136,34.767],[-83.015,34.955],[-82.816,34.916],[-82.671,35.046],[-82.264,35.138],[-82.176,35.295],[-82.278,35.334],[-82.081,35.55],[-82.071,35.485],[-81.97,35.531],[-81.738,35.412],[-81.77,35.524],[-81.58,35.564],[-81.495,35.711],[-81.614,35.728],[-81.886,35.572],[-82.004,35.686],[-81.908,35.808],[-81.677,35.941],[-81.465,35.955],[-81.505,35.896],[-81.448,35.866],[-81.234,36.005],[-80.96,35.984],[-81.011,36.039],[-80.907,36.117],[-80.945,36.154],[-81.329,36.018],[-81.323,36.1],[-81.45,36.056],[-81.325,36.205],[-81.123,36.279],[-81.126,36.373],[-81.072,36.318],[-81.072,36.382],[-80.885,36.406],[-80.878,36.548],[-80.833,36.497],[-80.627,36.652],[-80.47,36.568],[-80.279,36.607],[-80.11,36.748],[-80.313,36.75],[-80.071,36.931],[-80.065,37.11],[-79.807,37.199],[-79.846,37.284],[-79.637,37.425],[-79.462,37.475],[-79.405,37.393],[-79.307,37.423],[-79.254,37.485],[-79.434,37.522],[-79.006,37.822],[-78.936,37.817],[-78.934,37.727],[-78.768,37.791],[-78.908,37.634],[-78.813,37.687],[-78.637,37.886],[-77.558,38.564],[-77.35,39.003],[-77.191,38.809]]],[[[-79.171,37.633],[-79.226,37.528],[-79.094,37.6],[-79.171,37.633]]]]}},{"type":"Feature","properties":{"gid":"46","name":"Northern Glaciated Plains","l2":"Temperate Prairies","l1":"Great Plains"},"geometry":{"type":"MultiPolygon","coordinates":[[[[-102.5,48.999],[-98.014,48.974],[-97.894,48.722],[-97.893,48.318],[-97.716,47.994],[-97.594,47.37],[-97.434,47.345],[-97.393,47.125],[-97.545,46.651],[-97.454,46.547],[-97.5,46.416],[-97.637,46.36],[-97.334,46.162],[-97.003,46.093],[-96.442,45.637],[-96.217,45.7],[-96.127,45.896],[-95.988,45.97],[-95.773,45.843],[-95.759,45.664],[-95.58,45.38],[-96.254,45.093],[-96.387,44.83],[-95.602,44.301],[-95.61,44.232],[-96.002,44.017],[-96.457,44.01],[-96.734,44.154],[-96.755,43.933],[-96.967,43.738],[-96.865,43.577],[-96.616,43.511],[-96.524,43.394],[-96.627,43.158],[-96.714,43.164],[-96.792,43.016],[-96.773,42.874],[-96.649,42.759],[-96.941,42.774],[-96.987,42.878],[-97.227,42.99],[-97.343,42.863],[-97.928,42.864],[-97.974,42.921],[-97.848,43.061],[-97.87,43.137],[-98.204,43.526],[-98.577,43.761],[-98.542,43.987],[-98.827,44.491],[-98.983,44.342],[-99.101,44.49],[-99.443,44.502],[-99.641,44.608],[-99.149,44.85],[-99.143,44.96],[-99.226,45.015],[-99.041,45.119],[-98.95,45.738],[-98.804,45.978],[-98.868,46.644],[-98.976,46.841],[-98.99,47.085],[-99.162,47.164],[-99.118,47.247],[-99.265,47.353],[-99.368,47.306],[-99.679,47.477],[-99.907,47.494],[-100.082,47.63],[-100.374,47.584],[-100.531,47.754],[-100.992,47.928],[-101.183,47.912],[-101.618,48.214],[-101.811,48.243],[-101.971,48.472],[-102.433,48.735],[-103.078,48.848],[-103.333,48.776],[-103.394,48.932],[-103.747,48.865],[-103.776,48.914],[-103.67,48.999],[-102.5,48.999]]]]}},{"type":"Feature","properties":{"gid":"47","name":"Western Corn Belt Plains","l2":"Temperate Prairies","l1":"Great Plains"},"geometry":{"type":"MultiPolygon","coordinates":[[[[-95.347,45.273],[-94.904,45.121],[-94.637,45.18],[-94.531,45.113],[-94.484,44.941],[-94.106,44.896],[-94.012,44.759],[-94.025,44.279],[-93.74,44.104],[-93.213,44.286],[-93.156,44.425],[-93.2,44.731],[-92.945,44.807],[-92.563,45.107],[-92.246,45.049],[-92.144,44.86],[-92.196,44.765],[-92.776,44.747],[-92.774,44.608],[-93.009,44.459],[-92.976,44.281],[-92.698,44.107],[-92.768,44.068],[-92.683,44.038],[-92.749,43.953],[-92.43,43.604],[-91.941,43.375],[-91.992,43.233],[-91.903,42.998],[-91.793,42.942],[-91.805,42.832],[-91.316,42.577],[-91.022,42.571],[-90.972,42.447],[-90.708,42.394],[-90.402,42.143],[-90.166,42.088],[-90.191,41.818],[-90.312,41.748],[-90.345,41.589],[-90.665,41.461],[-91.139,41.41],[-91.14,41.234],[-91.221,41.354],[-91.078,41.588],[-91.36,41.463],[-91.46,41.641],[-91.538,41.624],[-91.514,41.561],[-91.589,41.604],[-91.533,41.496],[-91.586,41.474],[-91.239,41.146],[-91.053,41.074],[-91.128,40.746],[-91.597,40.997],[-92.112,40.991],[-93.285,41.322],[-94.217,40.988],[-94.382,40.626],[-94.583,40.529],[-94.7,40.227],[-94.591,39.442],[-94.019,39.234],[-93.612,39.374],[-93.278,39.366],[-93.219,39.399],[-93.284,39.559],[-93.146,39.629],[-93.186,39.456],[-92.746,39.27],[-92.776,39.176],[-92.972,39.118],[-93.012,38.994],[-93.232,39.031],[-93.27,38.953],[-93.818,38.934],[-93.939,38.992],[-93.916,39.113],[-94.194,39.026],[-94.227,39.118],[-94.388,39.054],[-94.608,39.089],[-94.964,39.39],[-95.701,39.222],[-96.441,39.649],[-96.605,39.634],[-96.699,39.725],[-96.599,40.058],[-96.918,40.394],[-97.015,40.732],[-97.007,41.165],[-97.097,41.312],[-96.879,41.453],[-97.872,41.747],[-98.041,41.924],[-98.044,42.395],[-97.968,42.707],[-97.842,42.868],[-97.343,42.863],[-97.227,42.99],[-96.987,42.878],[-96.941,42.774],[-96.649,42.759],[-96.773,42.874],[-96.792,43.016],[-96.714,43.164],[-96.627,43.158],[-96.524,43.394],[-96.625,43.516],[-96.76,43.5],[-96.974,43.716],[-96.755,43.933],[-96.734,44.154],[-96.457,44.01],[-96.002,44.017],[-95.595,44.255],[-96.367,44.793],[-96.347,45.011],[-95.58,45.38],[-95.347,45.273]]]]}},{"type":"Feature","properties":{"gid":"48","name":"Lake Agassiz Plain","l2":"Temperate Prairies","l1":"Great Plains"},"geometry":{"type":"MultiPolygon","coordinates":[[[[-97.271,49.001],[-96.641,49.0],[-96.497,48.88],[-96.653,48.873],[-96.467,48.708],[-96.004,48.894],[-95.597,48.848],[-95.739,48.787],[-95.631,48.694],[-95.71,48.594],[-95.57,48.473],[-95.833,48.485],[-95.481,48.362],[-95.667,48.198],[-95.454,47.848],[-95.472,47.702],[-95.64,47.645],[-95.801,47.469],[-95.922,46.868],[-96.291,46.865],[-96.287,46.479],[-95.988,45.97],[-96.293,45.66],[-96.484,45.654],[-96.691,45.901],[-96.866,45.925],[-97.003,46.093],[-97.334,46.162],[-97.637,46.36],[-97.5,46.416],[-97.454,46.547],[-97.545,46.651],[-97.393,47.125],[-97.434,47.345],[-97.594,47.37],[-97.716,47.994],[-97.893,48.318],[-97.894,48.722],[-98.044,49.0],[-97.271,49.001]]]]}},{"type":"Feature","properties":{"gid":"49","name":"Northern Minnesota Wetlands","l2":"Mixed Wood Shield","l1":"Northern Forests"},"geometry":{"type":"MultiPolygon","coordinates":[[[[-95.147,49.38],[-94.816,49.321],[-94.641,48.741],[-93.841,48.629],[-93.794,48.516],[-93.405,48.609],[-93.211,48.558],[-93.116,48.451],[-93.403,48.381],[-93.356,48.243],[-93.196,48.148],[-93.01,48.154],[-93.023,48.058],[-92.779,47.903],[-92.368,47.818],[-92.692,47.793],[-92.814,47.646],[-93.435,47.889],[-93.702,47.735],[-93.99,47.725],[-94.252,47.903],[-94.616,47.754],[-94.981,47.881],[-95.473,47.755],[-95.454,47.848],[-95.667,48.198],[-95.481,48.362],[-95.833,48.485],[-95.569,48.474],[-95.71,48.594],[-95.631,48.694],[-95.739,48.787],[-95.602,48.857],[-96.004,48.894],[-96.462,48.708],[-96.657,48.881],[-96.497,48.88],[-96.641,49.0],[-95.154,48.999],[-95.147,49.38]]]]}},{"type":"Feature","properties":{"gid":"5","name":"Sierra Nevada","l2":"Western Cordillera","l1":"Northwestern Forested Mountains"},"geometry":{"type":"MultiPolygon","coordinates":[[[[-120.884,40.412],[-120.676,40.415],[-120.706,40.358],[-120.57,40.336],[-120.029,39.938],[-120.099,39.815],[-120.427,39.831],[-120.412,39.573],[-120.34,39.572],[-120.334,39.678],[-120.211,39.638],[-120.174,39.786],[-120.054,39.636],[-119.875,39.582],[-119.97,39.514],[-119.857,39.475],[-119.815,39.338],[-119.826,38.739],[-119.608,38.718],[-119.582,38.558],[-119.46,38.499],[-119.457,38.261],[-119.321,38.244],[-119.127,37.865],[-119.049,37.818],[-118.972,37.901],[-118.625,37.761],[-118.921,37.749],[-118.843,37.703],[-118.92,37.625],[-118.653,37.544],[-118.611,37.313],[-118.546,37.387],[-118.399,37.312],[-118.27,36.73],[-118.047,36.468],[-118.061,36.244],[-117.87,35.682],[-118.055,35.508],[-118.115,35.535],[-118.019,35.293],[-118.366,34.978],[-118.744,34.817],[-118.93,34.916],[-118.648,35.032],[-118.597,35.139],[-118.708,35.169],[-118.536,35.245],[-118.516,35.319],[-118.69,35.476],[-118.492,35.535],[-118.456,35.648],[-118.409,35.606],[-118.309,35.728],[-118.485,35.918],[-118.458,35.762],[-118.67,35.558],[-118.684,35.664],[-118.588,35.745],[-118.728,35.987],[-118.691,36.068],[-118.766,36.091],[-118.737,36.248],[-118.869,36.283],[-118.774,36.35],[-118.846,36.434],[-118.809,36.502],[-118.972,36.561],[-119.026,36.742],[-119.231,36.856],[-119.033,36.869],[-119.396,37.015],[-119.47,37.1],[-119.355,37.178],[-119.627,37.247],[-119.746,37.342],[-119.6,37.293],[-119.62,37.349],[-120.12,37.595],[-120.064,37.646],[-120.268,37.791],[-120.213,37.852],[-120.418,38.003],[-120.403,38.111],[-120.448,38.073],[-120.503,38.199],[-120.677,38.244],[-120.624,38.335],[-120.75,38.415],[-120.702,38.476],[-120.756,38.531],[-120.689,38.625],[-120.807,38.629],[-120.777,38.732],[-121.019,38.937],[-121.0,39.066],[-121.133,39.164],[-121.19,39.369],[-121.336,39.412],[-121.287,39.464],[-121.363,39.481],[-121.343,39.6],[-121.567,39.746],[-121.635,39.945],[-121.566,40.064],[-121.343,40.036],[-121.236,40.19],[-121.055,40.171],[-121.079,40.283],[-120.968,40.294],[-120.884,40.412]]]]}},{"type":"Feature","properties":{"gid":"50","name":"Northern Lakes and Forests","l2":"Mixed Wood Shield","l1":"Northern Forests"},"geometry":{"type":"MultiPolygon","coordinates":[[[[-93.179,48.624],[-92.635,48.543],[-92.713,48.463],[-92.456,48.414],[-92.369,48.22],[-92.27,48.248],[-92.262,48.355],[-92.055,48.359],[-91.958,48.233],[-91.559,48.108],[-91.567,48.044],[-91.266,48.079],[-90.885,48.246],[-90.752,48.091],[-90.141,48.113],[-89.897,47.988],[-89.492,48.006],[-90.776,47.606],[-92.161,46.708],[-91.796,46.693],[-90.858,46.962],[-90.751,46.888],[-90.945,46.589],[-90.703,46.668],[-90.761,46.707],[-90.438,46.561],[-89.791,46.818],[-89.425,46.842],[-88.972,47.002],[-88.218,47.45],[-87.802,47.473],[-87.712,47.401],[-87.957,47.387],[-88.349,47.078],[-88.498,46.757],[-88.143,46.967],[-88.289,46.821],[-88.082,46.92],[-87.817,46.891],[-87.59,46.783],[-87.361,46.504],[-87.005,46.534],[-86.878,46.438],[-86.751,46.479],[-86.64,46.411],[-86.158,46.671],[-84.956,46.772],[-85.034,46.488],[-84.631,46.485],[-84.58,46.413],[-84.306,46.489],[-84.182,46.25],[-84.251,46.175],[-84.028,46.133],[-84.072,46.092],[-83.898,45.99],[-84.528,45.968],[-84.658,46.052],[-84.725,45.837],[-85.014,46.011],[-85.504,46.096],[-85.692,45.958],[-86.276,45.943],[-86.356,45.792],[-86.581,45.712],[-86.614,45.6],[-86.718,45.678],[-86.558,45.772],[-86.536,45.887],[-86.782,45.86],[-86.839,45.722],[-86.967,45.668],[-86.974,45.916],[-87.059,45.709],[-87.197,45.639],[-87.6,45.15],[-87.63,44.977],[-87.82,44.951],[-87.951,44.78],[-87.753,45.191],[-87.976,45.073],[-87.952,45.166],[-88.094,45.198],[-88.468,45.008],[-89.426,45.404],[-89.754,45.223],[-90.241,45.294],[-90.825,44.994],[-91.278,45.028],[-91.185,45.155],[-91.361,45.011],[-91.382,45.181],[-91.723,45.386],[-91.571,45.555],[-91.875,45.801],[-92.046,45.841],[-92.154,45.719],[-92.319,45.699],[-92.479,45.854],[-92.482,45.783],[-92.577,45.829],[-92.704,45.766],[-92.724,45.55],[-92.871,45.568],[-92.843,45.886],[-92.966,46.046],[-93.271,46.034],[-93.46,45.869],[-93.799,45.84],[-93.973,45.916],[-94.008,46.11],[-94.219,46.022],[-94.366,46.14],[-94.736,46.056],[-94.665,46.779],[-94.841,46.895],[-95.15,46.956],[-95.677,46.716],[-95.706,47.079],[-95.553,47.497],[-95.239,47.645],[-94.906,47.676],[-95.009,47.734],[-95.477,47.708],[-95.142,47.869],[-94.892,47.88],[-94.822,47.775],[-94.631,47.753],[-94.241,47.902],[-93.982,47.724],[-93.652,47.745],[-93.435,47.889],[-92.829,47.646],[-92.692,47.793],[-92.378,47.803],[-92.779,47.903],[-93.023,48.058],[-93.01,48.154],[-93.196,48.148],[-93.357,48.243],[-93.403,48.381],[-93.115,48.464],[-93.382,48.605],[-93.179,48.624]]],[[[-84.731,45.788],[-83.385,45.274],[-83.26,45.025],[-83.386,45.077],[-83.464,45.003],[-83.313,44.883],[-83.269,44.714],[-83.318,44.407],[-83.443,44.254],[-83.535,44.252],[-83.578,44.049],[-83.682,43.987],[-83.936,43.99],[-84.241,43.797],[-84.453,43.894],[-84.885,43.818],[-84.948,43.717],[-84.892,43.327],[-85.217,43.125],[-85.581,43.319],[-85.624,43.428],[-85.881,43.344],[-85.95,43.527],[-86.295,43.678],[-86.213,43.707],[-86.215,43.887],[-86.105,44.017],[-86.286,44.239],[-85.97,44.351],[-85.921,44.483],[-85.606,44.709],[-85.279,44.783],[-85.162,44.975],[-85.183,45.093],[-84.907,45.128],[-84.912,45.333],[-84.835,45.365],[-85.062,45.451],[-85.119,45.576],[-84.943,45.711],[-85.012,45.763],[-84.731,45.788]]],[[[-88.508,48.143],[-88.452,48.163],[-89.005,47.898],[-88.912,47.891],[-89.235,47.852],[-89.172,47.938],[-88.424,48.189],[-88.508,48.143]]],[[[-83.635,46.104],[-83.474,45.989],[-83.516,45.924],[-83.883,45.969],[-83.635,46.104]]],[[[-85.563,45.76],[-85.501,45.754],[-85.487,45.623],[-85.56,45.571],[-85.63,45.598],[-85.563,45.76]]],[[[-84.42,45.811],[-84.356,45.771],[-84.42,45.72],[-84.591,45.812],[-84.42,45.811]]],[[[-84.14,46.531],[-84.194,46.428],[-84.125,46.319],[-84.287,46.476],[-84.14,46.531]]],[[[-86.648,46.555],[-86.608,46.473],[-86.677,46.451],[-86.71,46.545],[-86.648,46.555]]],[[[-90.607,46.874],[-90.569,46.847],[-90.788,46.753],[-90.607,46.874]]]]}},{"type":"Feature","properties":{"gid":"51","name":"North Central Hardwood Forests","l2":"Mixed Wood Plains","l1":"Eastern Temperate Forests"},"geometry":{"type":"MultiPolygon","coordinates":[[[[-95.051,47.735],[-94.903,47.681],[-95.279,47.634],[-95.577,47.462],[-95.706,47.079],[-95.688,46.758],[-95.611,46.7],[-95.135,46.958],[-94.692,46.827],[-94.725,46.05],[-94.368,46.141],[-94.219,46.022],[-94.008,46.11],[-93.973,45.916],[-93.799,45.84],[-93.46,45.869],[-93.271,46.034],[-92.966,46.046],[-92.843,45.886],[-92.884,45.575],[-92.733,45.545],[-92.663,45.663],[-92.706,45.762],[-92.581,45.828],[-92.486,45.782],[-92.458,45.849],[-92.313,45.699],[-92.154,45.719],[-92.046,45.841],[-91.875,45.801],[-91.571,45.555],[-91.723,45.386],[-91.382,45.181],[-91.361,45.011],[-91.185,45.155],[-91.279,45.032],[-91.186,44.987],[-90.704,45.021],[-90.202,45.303],[-89.754,45.223],[-89.426,45.404],[-88.468,45.008],[-88.084,45.199],[-87.952,45.166],[-87.976,45.073],[-87.753,45.191],[-87.77,45.078],[-87.955,44.853],[-87.982,44.584],[-88.012,44.625],[-88.307,44.384],[-88.654,44.239],[-88.847,44.278],[-89.175,43.98],[-89.096,43.751],[-89.487,43.646],[-89.621,43.509],[-89.761,43.522],[-89.838,43.672],[-90.131,43.735],[-90.145,43.825],[-90.457,43.972],[-90.531,44.14],[-90.702,44.123],[-90.873,44.223],[-90.818,44.413],[-91.034,44.624],[-91.334,44.788],[-91.523,44.723],[-91.743,44.769],[-91.976,45.038],[-92.563,45.107],[-92.945,44.807],[-93.223,44.711],[-93.156,44.441],[-93.223,44.276],[-93.762,44.109],[-94.027,44.285],[-93.973,44.413],[-94.061,44.499],[-94.008,44.696],[-94.06,44.858],[-94.486,44.942],[-94.627,45.177],[-94.906,45.121],[-95.566,45.368],[-95.759,45.664],[-95.769,45.837],[-96.022,45.999],[-96.287,46.479],[-96.291,46.865],[-95.921,46.869],[-95.822,47.42],[-95.7,47.592],[-95.557,47.686],[-95.051,47.735]]],[[[-84.853,45.381],[-84.907,45.128],[-85.188,45.089],[-85.162,44.975],[-85.279,44.783],[-85.606,44.709],[-85.921,44.483],[-85.97,44.351],[-86.399,44.16],[-86.25,44.409],[-86.256,44.691],[-86.089,44.742],[-86.065,44.907],[-85.809,44.949],[-85.541,45.21],[-85.652,44.849],[-85.595,44.768],[-85.475,44.992],[-85.576,44.761],[-85.526,44.748],[-85.383,44.969],[-85.371,45.272],[-85.204,45.362],[-84.853,45.381]]],[[[-86.99,45.296],[-87.084,45.145],[-87.048,45.088],[-87.46,44.563],[-87.634,44.661],[-87.695,44.75],[-87.637,44.814],[-87.435,44.893],[-87.382,44.832],[-87.405,44.912],[-87.237,45.169],[-86.99,45.296]]]]}},{"type":"Feature","properties":{"gid":"52","name":"Driftless Area","l2":"Mixed Wood Plains","l1":"Eastern Temperate Forests"},"geometry":{"type":"MultiPolygon","coordinates":[[[[-92.194,45.05],[-91.916,45.015],[-91.731,44.765],[-91.229,44.748],[-90.828,44.432],[-90.873,44.223],[-90.702,44.123],[-90.531,44.14],[-90.452,43.968],[-90.145,43.825],[-90.131,43.735],[-89.831,43.668],[-89.761,43.522],[-89.498,43.497],[-89.69,43.383],[-89.536,43.324],[-89.603,43.069],[-89.546,42.818],[-89.659,42.612],[-90.015,42.398],[-89.921,42.29],[-90.066,42.102],[-90.362,42.121],[-90.708,42.394],[-90.974,42.448],[-91.022,42.571],[-91.316,42.577],[-91.805,42.832],[-91.793,42.942],[-91.903,42.998],[-91.992,43.233],[-91.941,43.375],[-92.43,43.604],[-92.749,43.953],[-92.683,44.038],[-92.768,44.068],[-92.698,44.107],[-92.976,44.281],[-93.009,44.459],[-92.774,44.608],[-92.776,44.747],[-92.196,44.765],[-92.144,44.86],[-92.246,45.049],[-92.194,45.05]]]]}},{"type":"Feature","properties":{"gid":"53","name":"Southeastern Wisconsin Till Plains","l2":"Central USA Plains","l1":"Eastern Temperate Forests"},"geometry":{"type":"MultiPolygon","coordinates":[[[[-87.587,44.627],[-87.46,44.563],[-87.545,44.321],[-87.508,44.209],[-87.719,43.938],[-87.703,43.686],[-87.912,43.251],[-87.807,42.818],[-87.976,42.806],[-88.061,42.696],[-87.859,42.364],[-87.984,42.194],[-88.325,42.07],[-88.557,42.489],[-89.056,42.18],[-89.022,42.442],[-89.469,42.275],[-89.659,42.414],[-89.953,42.427],[-89.641,42.63],[-89.544,42.825],[-89.603,43.069],[-89.536,43.324],[-89.688,43.406],[-89.497,43.482],[-89.621,43.509],[-89.487,43.646],[-89.093,43.754],[-89.175,43.98],[-89.077,44.074],[-88.847,44.278],[-88.663,44.236],[-88.096,44.556],[-87.929,44.536],[-87.695,44.75],[-87.587,44.627]]]]}},{"type":"Feature","properties":{"gid":"54","name":"Central Corn Belt Plains","l2":"Central USA Plains","l1":"Eastern Temperate Forests"},"geometry":{"type":"MultiPolygon","coordinates":[[[[-87.762,42.778],[-87.834,42.294],[-87.528,41.711],[-87.324,41.609],[-87.0,41.602],[-87.017,41.481],[-87.103,41.467],[-87.034,41.359],[-87.081,41.282],[-86.942,41.508],[-86.999,41.292],[-86.683,41.485],[-86.635,41.45],[-86.414,41.739],[-86.4,41.63],[-86.276,41.672],[-86.43,41.462],[-86.409,41.289],[-86.627,41.197],[-86.818,40.851],[-86.767,40.748],[-86.941,40.674],[-86.935,40.484],[-87.271,40.355],[-87.251,40.451],[-87.362,40.452],[-87.333,40.311],[-87.465,40.157],[-87.656,40.263],[-87.791,40.226],[-87.78,40.055],[-87.433,39.813],[-87.48,39.476],[-87.838,39.499],[-88.217,39.333],[-89.114,39.384],[-89.713,39.177],[-89.685,39.417],[-89.805,39.401],[-90.014,39.628],[-90.218,39.62],[-90.18,39.774],[-90.066,39.855],[-90.147,39.932],[-89.938,39.947],[-89.991,40.087],[-89.852,40.15],[-90.282,40.091],[-89.791,40.511],[-89.635,40.602],[-89.597,40.507],[-89.416,40.677],[-89.349,41.017],[-89.151,41.086],[-89.263,41.184],[-89.268,41.304],[-89.435,41.251],[-89.479,40.994],[-89.609,40.966],[-89.572,40.714],[-89.651,40.672],[-89.674,40.84],[-89.824,40.97],[-90.303,41.027],[-90.426,41.093],[-90.375,41.159],[-90.544,41.227],[-90.365,41.322],[-90.489,41.35],[-90.356,41.495],[-89.966,41.682],[-90.235,41.752],[-90.076,41.906],[-90.104,42.088],[-89.921,42.286],[-90.015,42.398],[-89.669,42.416],[-89.469,42.275],[-89.031,42.444],[-89.056,42.18],[-88.557,42.489],[-88.333,42.076],[-88.173,42.073],[-87.854,42.326],[-88.055,42.711],[-87.963,42.811],[-87.762,42.778]]]]}},{"type":"Feature","properties":{"gid":"55","name":"Eastern Corn Belt Plains","l2":"Central USA Plains","l1":"Eastern Temperate Forests"},"geometry":{"type":"MultiPolygon","coordinates":[[[[-83.49,42.44],[-83.66,42.146],[-83.829,42.108],[-84.001,41.824],[-84.488,41.541],[-84.995,41.141],[-84.993,41.053],[-84.625,40.873],[-84.233,40.795],[-83.681,41.048],[-83.83,41.058],[-83.789,41.107],[-83.464,41.166],[-82.995,41.052],[-82.804,41.227],[-82.66,41.2],[-82.386,41.35],[-82.163,41.358],[-82.133,41.31],[-82.502,41.048],[-82.841,40.411],[-82.601,39.991],[-82.373,39.925],[-82.377,39.799],[-82.512,39.684],[-82.685,39.676],[-82.775,39.427],[-83.1,39.308],[-83.252,39.342],[-83.33,39.292],[-83.268,39.232],[-83.315,39.157],[-83.635,39.111],[-83.457,39.002],[-83.491,38.836],[-83.808,38.763],[-83.881,38.785],[-83.839,38.834],[-83.944,38.812],[-83.916,38.884],[-84.017,38.791],[-84.156,38.805],[-84.241,39.022],[-84.536,39.14],[-84.584,39.301],[-84.885,39.321],[-84.904,39.405],[-85.238,39.583],[-85.234,39.371],[-85.171,39.428],[-85.096,39.328],[-85.066,39.413],[-84.842,39.202],[-85.05,39.24],[-84.942,39.133],[-85.108,39.144],[-85.015,39.048],[-85.129,39.081],[-84.965,39.024],[-85.094,38.956],[-85.217,39.067],[-85.228,39.01],[-85.165,38.906],[-84.965,38.948],[-84.9,38.841],[-85.065,38.791],[-85.158,38.857],[-85.163,38.781],[-85.216,38.936],[-85.307,38.93],[-85.289,38.844],[-85.371,38.868],[-85.312,38.753],[-85.441,38.769],[-85.471,38.699],[-85.432,38.537],[-85.615,38.444],[-85.681,38.301],[-85.838,38.278],[-85.817,38.433],[-85.948,38.468],[-85.824,38.484],[-85.79,38.596],[-86.003,38.749],[-86.219,38.782],[-86.034,39.007],[-86.075,39.327],[-86.353,39.424],[-86.41,39.579],[-86.677,39.428],[-86.781,39.506],[-86.765,39.628],[-86.855,39.596],[-86.877,39.702],[-87.013,39.786],[-87.309,39.722],[-87.383,40.112],[-87.477,40.2],[-87.334,40.308],[-87.365,40.449],[-87.251,40.451],[-87.271,40.355],[-86.937,40.483],[-86.941,40.674],[-86.857,40.734],[-85.985,40.858],[-85.633,41.074],[-85.695,41.147],[-85.614,41.168],[-85.629,41.294],[-85.425,41.236],[-85.462,41.289],[-85.341,41.336],[-85.44,41.398],[-85.155,41.432],[-84.929,41.586],[-84.961,41.726],[-84.865,41.81],[-84.497,41.846],[-84.408,42.011],[-84.235,41.938],[-84.109,42.015],[-84.119,42.175],[-83.998,42.209],[-84.044,42.31],[-83.893,42.423],[-83.49,42.44]]]]}},{"type":"Feature","properties":{"gid":"56","name":"Southern Michigan/Northern Indiana Drift Plains","l2":"Mixed Wood Plains","l1":"Eastern Temperate Forests"},"geometry":{"type":"MultiPolygon","coordinates":[[[[-86.26,44.151],[-86.105,44.017],[-86.215,43.887],[-86.213,43.707],[-86.311,43.699],[-85.95,43.527],[-85.874,43.341],[-85.632,43.43],[-85.325,43.16],[-85.141,43.14],[-84.892,43.327],[-84.948,43.712],[-84.892,43.813],[-84.685,43.826],[-84.668,43.709],[-84.778,43.623],[-84.38,43.372],[-84.558,43.152],[-83.989,43.145],[-83.786,43.053],[-83.634,43.244],[-83.199,43.418],[-83.2,43.232],[-83.032,43.162],[-83.086,43.055],[-83.023,42.755],[-83.392,42.462],[-83.671,42.409],[-83.795,42.463],[-83.97,42.377],[-84.045,42.308],[-83.998,42.209],[-84.122,42.168],[-84.07,42.056],[-84.226,41.941],[-84.408,42.011],[-84.497,41.846],[-84.865,41.81],[-84.961,41.726],[-84.929,41.586],[-85.155,41.432],[-85.44,41.398],[-85.341,41.336],[-85.462,41.289],[-85.425,41.236],[-85.629,41.294],[-85.614,41.168],[-85.695,41.147],[-85.633,41.074],[-85.985,40.858],[-86.767,40.748],[-86.818,40.851],[-86.607,41.22],[-86.409,41.289],[-86.43,41.462],[-86.278,41.677],[-86.397,41.629],[-86.432,41.733],[-86.508,41.552],[-86.932,41.286],[-87.003,41.297],[-86.937,41.509],[-87.095,41.289],[-87.034,41.359],[-87.103,41.467],[-87.017,41.481],[-87.0,41.602],[-87.304,41.62],[-86.684,41.841],[-86.261,42.445],[-86.226,42.991],[-86.541,43.639],[-86.43,43.827],[-86.516,44.058],[-86.399,44.16],[-86.26,44.151]]]]}},{"type":"Feature","properties":{"gid":"57","name":"Huron/Erie Lake Plains","l2":"Central USA Plains","l1":"Eastern Temperate Forests"},"geometry":{"type":"MultiPolygon","coordinates":[[[[-82.917,44.068],[-82.746,43.997],[-82.634,43.832],[-82.418,42.975],[-82.518,42.627],[-82.687,42.69],[-82.81,42.645],[-82.769,42.593],[-82.874,42.524],[-82.888,42.397],[-83.116,42.278],[-83.186,42.034],[-83.483,41.733],[-82.972,41.521],[-82.837,41.588],[-82.711,41.536],[-83.01,41.429],[-82.827,41.479],[-82.56,41.401],[-82.955,41.059],[-83.624,41.146],[-83.831,41.083],[-83.681,41.05],[-83.784,40.985],[-84.229,40.796],[-84.955,41.009],[-84.995,41.141],[-84.001,41.824],[-83.829,42.108],[-83.66,42.146],[-83.49,42.44],[-83.214,42.554],[-83.018,42.777],[-83.085,43.045],[-83.032,43.162],[-83.2,43.232],[-83.199,43.418],[-83.634,43.244],[-83.786,43.053],[-83.989,43.145],[-84.558,43.152],[-84.38,43.372],[-84.778,43.623],[-84.668,43.709],[-84.685,43.826],[-84.44,43.894],[-84.224,43.8],[-83.838,43.995],[-83.954,43.751],[-83.683,43.582],[-83.326,43.883],[-83.405,43.917],[-82.917,44.068]]]]}},{"type":"Feature","properties":{"gid":"58","name":"Northeastern Highlands","l2":"Atlantic Highlands","l1":"Northern Forests"},"geometry":{"type":"MultiPolygon","coordinates":[[[[-69.062,47.433],[-69.05,47.257],[-68.902,47.179],[-68.606,47.227],[-68.705,46.924],[-68.592,46.909],[-68.686,46.728],[-68.611,46.612],[-68.721,46.443],[-68.979,46.367],[-69.048,46.241],[-68.803,46.154],[-68.648,45.832],[-68.968,45.809],[-69.055,45.655],[-68.982,45.588],[-69.005,45.467],[-69.495,45.33],[-69.606,45.151],[-69.794,45.039],[-69.878,45.088],[-69.976,44.92],[-70.049,44.921],[-70.011,44.76],[-70.268,44.512],[-70.32,44.081],[-70.26,43.986],[-70.516,43.762],[-70.732,43.811],[-70.698,43.724],[-70.803,43.66],[-70.742,43.524],[-70.995,43.356],[-71.081,43.384],[-71.168,43.269],[-71.168,43.098],[-71.353,43.189],[-71.345,43.289],[-71.625,43.372],[-71.624,43.276],[-71.763,43.244],[-71.738,43.113],[-71.578,42.983],[-71.846,42.574],[-71.867,42.281],[-71.978,42.322],[-71.981,42.471],[-72.183,42.401],[-72.266,42.633],[-72.334,42.323],[-72.453,42.339],[-72.565,42.467],[-72.433,42.719],[-72.551,42.855],[-72.54,42.976],[-72.599,42.887],[-72.469,42.715],[-72.638,42.622],[-72.637,42.388],[-72.822,42.138],[-72.883,41.837],[-73.117,41.725],[-73.228,41.748],[-73.385,41.655],[-73.459,41.474],[-74.032,41.248],[-74.593,40.708],[-74.682,40.755],[-75.389,40.529],[-75.659,40.321],[-75.768,40.402],[-75.915,40.337],[-75.901,40.429],[-74.943,40.717],[-74.803,40.869],[-75.14,40.727],[-74.576,41.105],[-74.511,41.281],[-74.509,41.197],[-74.292,41.251],[-74.144,41.417],[-73.666,41.609],[-73.653,41.715],[-73.723,41.612],[-73.788,41.659],[-73.792,42.034],[-73.537,42.407],[-73.702,42.624],[-73.247,43.715],[-73.302,43.784],[-73.055,43.808],[-73.048,44.28],[-73.138,44.406],[-73.014,44.459],[-73.132,44.561],[-72.945,44.983],[-71.502,45.013],[-71.398,45.204],[-71.444,45.237],[-71.297,45.299],[-71.148,45.24],[-70.952,45.339],[-70.838,45.235],[-70.798,45.427],[-70.621,45.403],[-70.717,45.488],[-70.688,45.569],[-70.4,45.72],[-70.417,45.795],[-70.259,45.891],[-70.318,46.02],[-70.237,46.146],[-70.293,46.192],[-70.056,46.416],[-69.997,46.695],[-69.224,47.46],[-69.062,47.433]]],[[[-73.584,44.845],[-73.601,44.741],[-73.754,44.645],[-73.635,44.666],[-73.597,44.494],[-73.511,44.476],[-73.602,44.247],[-73.466,44.131],[-73.575,44.053],[-73.423,43.932],[-73.45,43.457],[-73.649,43.441],[-73.728,43.274],[-73.839,43.287],[-74.001,43.076],[-74.3,43.13],[-74.574,43.019],[-74.996,43.247],[-75.306,43.538],[-75.54,44.016],[-75.107,44.436],[-74.335,44.809],[-73.644,44.915],[-73.584,44.845]]],[[[-75.794,43.943],[-75.587,43.835],[-75.216,43.346],[-75.679,43.282],[-75.975,43.468],[-76.045,43.65],[-75.991,43.86],[-75.794,43.943]]],[[[-74.033,42.24],[-74.068,42.083],[-74.166,42.051],[-74.119,42.007],[-74.281,42.002],[-74.255,41.921],[-74.469,41.811],[-74.586,41.81],[-74.731,41.978],[-74.891,41.971],[-74.871,42.074],[-74.519,42.163],[-74.454,42.26],[-74.252,42.231],[-74.124,42.341],[-74.033,42.24]]]]}},{"type":"Feature","properties":{"gid":"59","name":"Northeastern Coastal Zone","l2":"Mixed Wood Plains","l1":"Eastern Temperate Forests"},"geometry":{"type":"MultiPolygon","coordinates":[[[[-73.502,41.05],[-73.824,40.888],[-73.791,40.804],[-73.927,40.803],[-73.925,40.879],[-74.025,40.706],[-73.891,40.998],[-73.946,41.291],[-73.459,41.474],[-73.385,41.655],[-73.228,41.748],[-73.117,41.725],[-72.883,41.837],[-72.822,42.138],[-72.637,42.388],[-72.638,42.622],[-72.469,42.715],[-72.599,42.887],[-72.558,42.965],[-72.433,42.719],[-72.565,42.467],[-72.453,42.339],[-72.334,42.323],[-72.266,42.633],[-72.186,42.404],[-71.981,42.471],[-71.983,42.331],[-71.892,42.27],[-71.81,42.661],[-71.712,42.869],[-71.586,42.945],[-71.781,43.195],[-71.621,43.279],[-71.647,43.368],[-71.345,43.289],[-71.353,43.189],[-71.176,43.094],[-71.081,43.384],[-70.995,43.356],[-70.742,43.524],[-70.803,43.66],[-70.698,43.724],[-70.725,43.817],[-70.516,43.762],[-70.305,43.99],[-70.127,43.931],[-70.239,43.665],[-70.311,43.659],[-70.224,43.652],[-70.196,43.565],[-70.362,43.528],[-70.334,43.447],[-70.556,43.32],[-70.666,43.076],[-70.826,43.177],[-70.828,43.119],[-70.918,43.131],[-70.862,43.086],[-70.915,43.052],[-70.837,43.045],[-70.856,43.122],[-70.711,43.043],[-70.838,42.917],[-70.863,42.811],[-70.771,42.704],[-70.81,42.761],[-70.839,42.701],[-70.591,42.64],[-70.928,42.568],[-70.83,42.502],[-70.909,42.415],[-70.979,42.451],[-70.953,42.344],[-71.099,42.405],[-71.01,42.338],[-71.055,42.276],[-70.988,42.307],[-70.969,42.223],[-70.866,42.255],[-70.882,42.31],[-70.639,42.087],[-70.6,42.004],[-70.67,42.048],[-70.797,41.922],[-70.716,41.676],[-70.761,41.721],[-70.854,41.582],[-70.917,41.681],[-70.953,41.515],[-71.038,41.481],[-71.072,41.57],[-71.195,41.454],[-71.213,41.639],[-71.106,41.795],[-71.3,41.649],[-71.281,41.758],[-71.359,41.745],[-71.385,41.873],[-71.354,41.718],[-71.453,41.697],[-71.403,41.6],[-71.481,41.36],[-72.545,41.249],[-72.896,41.242],[-72.91,41.299],[-73.103,41.152],[-73.189,41.186],[-73.502,41.05]]],[[[-73.483,43.446],[-73.358,43.443],[-73.368,43.387],[-73.703,42.617],[-73.537,42.405],[-73.796,42.005],[-73.786,41.651],[-73.723,41.612],[-73.654,41.715],[-73.664,41.612],[-74.091,41.394],[-74.058,41.925],[-73.842,42.426],[-73.986,42.582],[-73.986,42.976],[-73.873,43.021],[-73.977,43.087],[-73.839,43.287],[-73.728,43.274],[-73.649,43.441],[-73.54,43.413],[-73.505,43.502],[-73.483,43.446]]],[[[-72.578,40.993],[-73.321,40.849],[-73.502,40.66],[-74.04,40.615],[-73.91,40.791],[-73.754,40.765],[-73.713,40.871],[-73.649,40.801],[-73.57,40.915],[-73.464,40.858],[-73.485,40.947],[-73.42,40.885],[-73.354,40.892],[-73.4,40.955],[-73.171,40.893],[-73.119,40.978],[-72.578,40.993]]],[[[-71.219,41.647],[-71.241,41.475],[-71.355,41.449],[-71.219,41.647]]]]}},{"type":"Feature","properties":{"gid":"6","name":"Central California Foothills and Coastal Mountains","l2":"Mediterranean California","l1":"Mediterranean California"},"geometry":{"type":"MultiPolygon","coordinates":[[[[-122.433,40.732],[-122.029,40.747],[-121.91,40.672],[-121.972,40.602],[-121.87,40.597],[-121.881,40.545],[-122.024,40.532],[-122.013,40.462],[-121.887,40.483],[-121.925,40.446],[-121.706,40.369],[-121.821,40.304],[-121.768,40.208],[-121.632,40.226],[-121.735,40.15],[-121.65,40.146],[-121.685,40.074],[-121.773,40.059],[-121.75,39.882],[-121.677,39.919],[-121.682,39.829],[-121.593,39.794],[-121.653,39.73],[-121.527,39.748],[-121.46,39.622],[-121.343,39.6],[-121.363,39.481],[-121.287,39.464],[-121.336,39.412],[-121.19,39.369],[-121.133,39.164],[-121.0,39.066],[-121.019,38.937],[-120.777,38.732],[-120.807,38.629],[-120.691,38.628],[-120.756,38.531],[-120.702,38.476],[-120.75,38.415],[-120.624,38.335],[-120.674,38.241],[-120.503,38.199],[-120.448,38.073],[-120.403,38.111],[-120.418,38.003],[-120.213,37.852],[-120.268,37.791],[-120.064,37.646],[-120.115,37.591],[-119.62,37.349],[-119.6,37.293],[-119.746,37.342],[-119.627,37.247],[-119.355,37.178],[-119.47,37.1],[-119.396,37.015],[-119.033,36.869],[-119.231,36.856],[-119.026,36.742],[-118.972,36.561],[-118.809,36.502],[-118.846,36.434],[-118.774,36.35],[-118.869,36.283],[-118.737,36.248],[-118.766,36.091],[-118.691,36.068],[-118.728,35.987],[-118.588,35.745],[-118.684,35.664],[-118.67,35.558],[-118.458,35.762],[-118.485,35.918],[-118.309,35.726],[-118.409,35.606],[-118.456,35.648],[-118.492,35.535],[-118.681,35.496],[-118.515,35.317],[-118.708,35.169],[-118.596,35.138],[-118.651,35.029],[-118.866,34.92],[-119.374,34.924],[-119.447,34.787],[-120.073,35.089],[-120.139,34.943],[-120.065,34.77],[-119.715,34.564],[-120.034,34.583],[-120.472,34.448],[-120.651,34.577],[-120.648,35.144],[-120.857,35.206],[-120.888,35.434],[-121.287,35.665],[-121.5,35.997],[-121.903,36.306],[-121.979,36.582],[-121.844,36.627],[-121.791,36.814],[-121.903,36.967],[-122.181,36.997],[-121.761,37.014],[-121.583,36.912],[-122.495,37.628],[-122.515,37.781],[-122.406,37.81],[-122.358,37.589],[-122.09,37.445],[-121.944,37.454],[-122.107,37.5],[-122.261,37.74],[-122.212,37.759],[-122.415,37.927],[-122.281,38.081],[-122.406,38.156],[-122.483,38.113],[-122.447,37.986],[-122.531,37.944],[-122.439,37.88],[-122.525,37.897],[-122.472,37.837],[-122.527,37.815],[-122.628,37.88],[-122.556,37.929],[-122.699,38.048],[-122.794,38.029],[-123.191,38.488],[-122.94,38.365],[-122.906,38.585],[-123.219,38.7],[-123.298,38.783],[-123.236,38.903],[-123.543,39.133],[-123.272,39.058],[-123.225,39.341],[-122.704,39.092],[-122.665,39.154],[-122.944,39.394],[-122.851,39.465],[-122.8,39.277],[-122.593,39.215],[-122.646,39.262],[-122.589,39.317],[-122.73,39.336],[-122.647,39.41],[-122.657,39.635],[-122.735,39.641],[-122.704,39.697],[-122.779,39.663],[-122.751,39.747],[-122.859,39.808],[-122.64,39.765],[-122.804,39.87],[-122.695,39.861],[-122.678,40.024],[-122.942,40.334],[-122.879,40.486],[-122.557,40.509],[-122.433,40.732]]],[[[-122.252,40.18],[-122.449,39.917],[-122.334,39.922],[-122.271,39.645],[-122.302,39.116],[-121.873,38.763],[-121.877,38.693],[-122.069,38.802],[-122.125,38.7],[-121.999,38.614],[-121.965,38.332],[-121.69,38.16],[-121.815,38.072],[-121.907,38.221],[-122.032,38.237],[-122.129,38.197],[-122.129,38.051],[-121.677,38.002],[-121.775,37.947],[-121.569,37.696],[-121.178,37.45],[-121.072,37.052],[-120.955,37.045],[-120.777,36.836],[-120.855,36.774],[-120.715,36.746],[-120.704,36.614],[-120.501,36.542],[-120.252,36.307],[-120.207,36.083],[-119.95,35.992],[-119.883,35.761],[-119.945,35.746],[-119.981,35.841],[-119.995,35.686],[-120.164,35.702],[-119.847,35.446],[-119.769,35.463],[-119.71,35.348],[-119.317,35.266],[-119.439,35.234],[-119.68,35.346],[-119.337,35.17],[-119.629,35.226],[-119.414,35.116],[-119.439,35.031],[-119.292,34.949],[-119.017,35.033],[-118.956,34.927],[-118.718,35.017],[-118.674,35.051],[-118.795,35.163],[-118.71,35.215],[-118.737,35.274],[-118.59,35.287],[-118.743,35.357],[-118.91,35.68],[-118.973,36.032],[-118.919,36.059],[-119.036,36.105],[-118.943,36.108],[-119.108,36.287],[-119.05,36.28],[-119.006,36.424],[-119.133,36.529],[-119.136,36.429],[-119.236,36.506],[-119.181,36.555],[-119.289,36.599],[-119.238,36.632],[-119.343,36.666],[-119.355,36.766],[-119.43,36.685],[-119.4,36.791],[-119.501,36.783],[-119.513,36.924],[-119.682,36.873],[-119.666,36.961],[-119.98,37.093],[-120.302,37.389],[-120.47,37.673],[-120.768,37.681],[-120.688,37.815],[-120.813,37.795],[-120.882,37.876],[-120.798,37.877],[-120.913,37.905],[-120.832,37.921],[-120.974,37.952],[-120.938,38.052],[-121.038,38.064],[-120.994,38.134],[-121.072,38.193],[-121.006,38.205],[-121.103,38.306],[-121.092,38.458],[-121.201,38.453],[-121.117,38.682],[-121.296,38.777],[-121.27,38.937],[-121.414,39.195],[-121.359,39.22],[-121.482,39.292],[-121.574,39.648],[-121.765,39.677],[-121.826,39.852],[-122.146,40.221],[-122.252,40.18]]]]}},{"type":"Feature","properties":{"gid":"60","name":"Northern Allegheny Plateau","l2":"Mixed Wood Plains","l1":"Eastern Temperate Forests"},"geometry":{"type":"MultiPolygon","coordinates":[[[[-75.425,43.027],[-75.507,42.897],[-75.419,42.844],[-75.312,42.962],[-75.246,42.841],[-74.691,42.81],[-74.517,42.658],[-74.054,42.604],[-73.994,42.654],[-73.842,42.428],[-74.021,41.96],[-74.441,41.662],[-74.721,41.617],[-74.755,41.679],[-74.968,41.658],[-75.048,41.758],[-75.112,41.581],[-75.319,41.501],[-75.245,41.447],[-75.311,41.377],[-75.582,41.294],[-75.422,41.593],[-75.458,41.728],[-75.621,41.501],[-76.126,41.194],[-76.444,41.265],[-76.172,41.329],[-75.951,41.513],[-76.778,41.533],[-76.385,41.668],[-77.342,41.509],[-76.873,41.68],[-76.845,41.781],[-77.439,41.647],[-77.384,41.749],[-76.965,41.919],[-77.643,41.819],[-77.347,41.966],[-77.435,41.994],[-77.848,41.831],[-78.043,41.97],[-77.98,42.022],[-78.456,42.317],[-78.797,42.284],[-78.888,42.115],[-79.023,42.227],[-78.86,42.682],[-78.719,42.768],[-78.602,42.74],[-78.429,42.89],[-78.089,42.902],[-77.843,42.667],[-77.786,42.681],[-77.804,42.796],[-77.612,42.746],[-77.305,42.865],[-77.293,42.772],[-77.114,42.805],[-76.889,42.543],[-76.827,42.681],[-76.631,42.611],[-76.595,42.811],[-76.499,42.798],[-76.315,42.964],[-76.171,42.899],[-75.933,43.04],[-75.657,43.074],[-75.601,43.01],[-75.407,43.077],[-75.425,43.027]]],[[[-74.242,42.235],[-74.456,42.26],[-74.519,42.163],[-74.871,42.074],[-74.891,41.971],[-74.734,41.979],[-74.586,41.81],[-74.462,41.814],[-74.255,41.921],[-74.281,42.002],[-74.119,42.007],[-74.166,42.051],[-74.008,42.215],[-74.124,42.341],[-74.242,42.235]]]]}},{"type":"Feature","properties":{"gid":"61","name":"Erie Drift Plain","l2":"Mixed Wood Plains","l1":"Eastern Temperate Forests"},"geometry":{"type":"MultiPolygon","coordinates":[[[[-78.946,42.433],[-79.023,42.23],[-78.921,42.125],[-79.046,42.097],[-79.151,41.912],[-79.509,41.885],[-79.689,41.563],[-79.768,41.507],[-79.847,41.568],[-79.898,41.425],[-79.996,41.455],[-79.827,41.374],[-79.987,41.356],[-79.98,41.123],[-80.409,40.808],[-80.924,40.734],[-81.242,40.79],[-81.9,40.532],[-82.307,40.611],[-82.244,40.393],[-82.142,40.311],[-82.42,40.116],[-82.257,40.087],[-82.377,40.003],[-82.187,39.963],[-82.172,39.848],[-82.33,39.667],[-82.512,39.684],[-82.377,39.799],[-82.369,39.918],[-82.601,39.991],[-82.842,40.407],[-82.74,40.681],[-82.339,41.211],[-81.804,41.447],[-81.625,41.412],[-81.5,41.593],[-80.371,41.961],[-79.235,42.479],[-79.014,42.525],[-78.946,42.433]]]]}},{"type":"Feature","properties":{"gid":"62","name":"North Central Appalachians","l2":"Atlantic Highlands","l1":"Northern Forests"},"geometry":{"type":"MultiPolygon","coordinates":[[[[-78.384,42.264],[-77.98,42.022],[-78.043,41.97],[-77.848,41.831],[-77.435,41.994],[-77.347,41.966],[-77.643,41.819],[-76.965,41.919],[-77.384,41.749],[-77.428,41.639],[-76.83,41.764],[-76.963,41.616],[-77.339,41.507],[-76.523,41.686],[-76.373,41.661],[-76.778,41.533],[-75.943,41.471],[-76.256,41.309],[-77.088,41.355],[-77.609,41.106],[-77.988,41.195],[-78.554,41.046],[-78.797,41.146],[-78.693,41.271],[-79.071,41.183],[-79.125,41.25],[-79.334,41.239],[-79.284,41.393],[-79.363,41.435],[-79.744,41.36],[-79.997,41.447],[-79.898,41.425],[-79.844,41.569],[-79.768,41.507],[-79.689,41.563],[-79.504,41.888],[-79.115,41.931],[-79.046,42.097],[-78.886,42.116],[-78.844,42.263],[-78.46,42.317],[-78.384,42.264]]],[[[-74.44,41.659],[-75.029,41.078],[-75.656,40.869],[-75.633,41.009],[-75.936,41.078],[-75.873,41.118],[-75.981,41.077],[-75.679,41.283],[-75.605,41.251],[-75.53,41.398],[-75.586,41.297],[-75.311,41.377],[-75.245,41.447],[-75.319,41.501],[-75.112,41.581],[-75.048,41.758],[-74.968,41.658],[-74.755,41.679],[-74.721,41.617],[-74.44,41.659]]]]}},{"type":"Feature","properties":{"gid":"63","name":"Middle Atlantic Coastal Plain","l2":"Mississippi Alluvial And Southeast USA Coastal Plains","l1":"Eastern Temperate Forests"},"geometry":{"type":"MultiPolygon","coordinates":[[[[-76.685,37.196],[-76.667,37.051],[-76.577,37.02],[-76.621,36.982],[-76.486,36.956],[-76.549,36.833],[-76.442,36.906],[-76.342,36.863],[-76.403,36.805],[-76.196,36.828],[-76.328,36.873],[-76.331,36.964],[-75.993,36.919],[-75.54,35.776],[-75.729,36.007],[-75.68,36.015],[-75.943,36.724],[-75.994,36.566],[-75.901,36.488],[-75.989,36.494],[-76.048,36.616],[-76.083,36.5],[-75.945,36.361],[-75.924,36.425],[-75.794,36.072],[-76.046,36.361],[-75.911,36.164],[-76.218,36.301],[-76.061,36.146],[-76.188,36.126],[-76.29,36.221],[-76.222,36.097],[-76.457,36.204],[-76.305,36.094],[-76.578,36.01],[-76.688,36.061],[-76.673,36.283],[-76.794,36.36],[-76.699,36.287],[-76.721,35.937],[-76.061,35.99],[-76.017,35.946],[-76.127,35.947],[-76.012,35.925],[-76.037,35.687],[-76.126,35.68],[-76.037,35.646],[-75.986,35.89],[-75.811,35.922],[-75.862,35.977],[-75.729,35.825],[-75.768,35.581],[-75.898,35.643],[-75.882,35.575],[-76.154,35.326],[-76.35,35.415],[-76.402,35.348],[-76.396,35.432],[-76.533,35.401],[-76.587,35.509],[-76.451,35.555],[-76.629,35.519],[-76.575,35.388],[-77.061,35.544],[-76.968,35.433],[-76.469,35.281],[-76.495,35.217],[-76.594,35.24],[-76.527,35.184],[-76.611,35.221],[-76.765,35.144],[-76.537,35.15],[-76.803,34.965],[-77.088,35.166],[-76.975,35.001],[-76.762,34.86],[-76.707,34.955],[-76.627,34.896],[-76.677,34.968],[-76.613,34.987],[-76.535,34.882],[-76.581,34.989],[-76.489,34.961],[-76.465,35.076],[-76.438,34.904],[-76.403,34.964],[-76.325,34.891],[-76.404,34.887],[-76.516,34.718],[-76.605,34.79],[-76.66,34.713],[-76.721,34.799],[-76.78,34.754],[-76.694,34.716],[-77.092,34.673],[-77.153,34.772],[-77.117,34.687],[-77.317,34.546],[-77.404,34.584],[-77.314,34.633],[-77.353,34.734],[-77.441,34.748],[-77.37,34.639],[-77.431,34.567],[-77.342,34.526],[-77.734,34.312],[-77.937,33.929],[-77.927,34.024],[-78.019,33.917],[-78.222,33.953],[-78.548,33.874],[-79.052,33.547],[-79.294,33.495],[-79.43,33.362],[-79.316,33.29],[-79.711,32.952],[-79.881,32.926],[-79.821,33.101],[-79.981,33.147],[-79.955,32.948],[-80.047,32.974],[-80.051,32.886],[-80.15,32.927],[-80.077,32.836],[-80.208,32.739],[-80.389,32.688],[-80.552,32.785],[-80.618,32.654],[-80.702,32.726],[-80.793,32.693],[-80.689,32.555],[-80.848,32.633],[-80.849,32.575],[-80.935,32.593],[-80.881,32.49],[-80.941,32.293],[-80.864,32.246],[-81.05,32.178],[-81.135,32.489],[-81.319,32.628],[-81.432,32.887],[-81.23,32.93],[-81.111,33.25],[-80.917,33.413],[-80.158,33.396],[-80.137,34.089],[-80.061,34.05],[-79.824,34.147],[-79.679,34.043],[-79.34,34.022],[-79.194,34.236],[-78.868,34.11],[-78.735,34.194],[-78.435,34.505],[-78.756,34.76],[-78.771,35.016],[-78.429,34.749],[-78.26,34.723],[-77.956,34.923],[-77.699,34.962],[-77.644,35.151],[-77.422,35.352],[-77.497,35.632],[-77.403,35.849],[-77.426,36.013],[-77.271,36.156],[-77.564,36.427],[-77.022,36.396],[-77.18,36.6],[-77.113,36.842],[-77.058,36.805],[-76.961,37.027],[-76.685,37.196]]],[[[-74.783,40.225],[-74.699,40.162],[-75.428,39.684],[-75.365,39.413],[-75.031,39.297],[-75.072,39.525],[-75.025,39.394],[-74.96,39.474],[-74.98,39.353],[-74.918,39.402],[-74.951,39.337],[-74.779,39.213],[-74.95,38.949],[-74.899,39.177],[-75.138,39.181],[-75.537,39.461],[-75.514,39.565],[-75.566,39.559],[-75.589,39.461],[-75.405,39.258],[-75.402,39.067],[-75.19,38.807],[-75.088,38.796],[-75.063,38.609],[-75.078,38.694],[-75.161,38.704],[-75.1,38.617],[-75.289,38.595],[-75.102,38.551],[-75.059,38.608],[-75.049,38.444],[-75.086,38.324],[-75.058,38.507],[-75.133,38.45],[-75.101,38.39],[-75.19,38.43],[-75.095,38.329],[-75.433,37.992],[-75.675,37.53],[-75.806,37.472],[-75.732,37.575],[-75.81,37.512],[-75.971,37.117],[-76.016,37.329],[-75.889,37.48],[-75.963,37.475],[-75.939,37.544],[-75.828,37.568],[-75.941,37.564],[-75.623,37.994],[-75.849,37.924],[-75.852,38.004],[-75.899,37.973],[-75.745,38.089],[-75.872,38.059],[-75.741,38.167],[-75.952,38.176],[-75.761,38.286],[-75.92,38.264],[-75.819,38.483],[-75.949,38.237],[-76.019,38.309],[-75.976,38.367],[-76.063,38.305],[-76.033,38.216],[-76.224,38.395],[-76.275,38.365],[-76.329,38.501],[-76.273,38.452],[-76.223,38.54],[-76.123,38.529],[-76.203,38.592],[-76.235,38.54],[-76.238,38.602],[-76.278,38.532],[-76.29,38.629],[-76.022,38.554],[-75.937,38.677],[-75.998,38.758],[-75.95,38.674],[-76.031,38.579],[-76.152,38.645],[-76.091,38.688],[-76.177,38.675],[-76.095,38.768],[-76.2,38.67],[-76.241,38.807],[-76.299,38.718],[-76.29,38.814],[-76.341,38.671],[-76.255,38.863],[-76.178,38.744],[-76.125,38.782],[-76.192,38.859],[-76.062,38.886],[-76.166,38.909],[-76.162,38.977],[-76.206,38.853],[-76.177,38.931],[-76.246,38.975],[-76.0,39.154],[-76.061,39.209],[-76.169,39.094],[-76.12,39.176],[-76.19,39.176],[-76.226,39.053],[-76.274,39.167],[-76.111,39.372],[-75.883,39.36],[-76.041,39.393],[-75.861,39.455],[-75.921,39.498],[-75.737,39.676],[-74.783,40.225]]],[[[-76.628,38.153],[-76.547,38.023],[-76.237,37.889],[-76.305,37.73],[-76.341,37.766],[-76.303,37.689],[-76.367,37.688],[-76.28,37.614],[-76.418,37.64],[-76.344,37.829],[-76.449,37.876],[-76.326,37.887],[-76.726,38.088],[-76.628,38.153]]],[[[-76.42,37.222],[-76.45,37.134],[-76.294,37.127],[-76.388,37.11],[-76.362,37.047],[-76.27,37.087],[-76.409,36.96],[-76.628,37.126],[-76.629,37.206],[-76.42,37.222]]],[[[-76.376,37.525],[-76.252,37.436],[-76.317,37.374],[-76.276,37.31],[-76.36,37.447],[-76.354,37.369],[-76.439,37.454],[-76.407,37.369],[-76.492,37.414],[-76.376,37.525]]],[[[-76.086,39.54],[-76.134,39.489],[-76.062,39.448],[-76.228,39.413],[-76.228,39.35],[-76.25,39.462],[-76.297,39.302],[-76.31,39.449],[-76.086,39.54]]],[[[-77.003,38.423],[-76.839,38.268],[-77.014,38.359],[-77.031,38.272],[-77.059,38.386],[-77.254,38.386],[-77.003,38.423]]],[[[-76.399,38.309],[-76.322,38.036],[-76.437,38.134],[-76.426,38.188],[-76.36,38.127],[-76.452,38.287],[-76.399,38.309]]],[[[-75.095,38.324],[-75.197,38.09],[-75.392,37.868],[-75.095,38.324]]],[[[-76.496,37.402],[-76.402,37.337],[-76.488,37.31],[-76.389,37.263],[-76.496,37.249],[-76.496,37.402]]],[[[-76.342,34.826],[-76.536,34.582],[-76.553,34.63],[-76.342,34.826]]],[[[-76.69,38.697],[-76.608,38.446],[-76.693,38.544],[-76.69,38.697]]],[[[-75.522,35.773],[-75.46,35.585],[-75.528,35.225],[-75.754,35.19],[-75.52,35.268],[-75.466,35.582],[-75.522,35.773]]],[[[-76.353,39.38],[-76.376,39.3],[-76.443,39.327],[-76.401,39.249],[-76.49,39.305],[-76.353,39.38]]],[[[-76.487,39.321],[-76.422,39.204],[-76.539,39.245],[-76.487,39.321]]],[[[-75.765,35.187],[-76.014,35.066],[-75.983,35.12],[-75.765,35.187]]],[[[-76.737,34.708],[-76.676,34.693],[-77.104,34.645],[-76.737,34.708]]],[[[-76.333,35.025],[-76.297,34.924],[-76.383,34.932],[-76.333,35.025]]]]}},{"type":"Feature","properties":{"gid":"64","name":"Northern Piedmont","l2":"Southeastern USA Plains","l1":"Eastern Temperate Forests"},"geometry":{"type":"MultiPolygon","coordinates":[[[[-73.967,41.245],[-73.891,40.998],[-74.071,40.661],[-74.147,40.649],[-74.089,40.74],[-74.22,40.562],[-75.484,39.787],[-76.586,39.381],[-77.183,38.809],[-77.35,39.003],[-77.558,38.564],[-78.637,37.886],[-78.907,37.632],[-78.766,37.794],[-78.931,37.87],[-78.848,38.025],[-78.686,38.11],[-78.684,38.209],[-78.613,38.132],[-78.631,38.235],[-78.365,38.439],[-78.315,38.367],[-78.248,38.682],[-77.839,39.08],[-77.716,39.3],[-77.731,39.175],[-77.569,39.504],[-77.506,39.429],[-77.576,39.133],[-77.353,39.68],[-77.369,39.877],[-77.12,40.005],[-77.058,40.138],[-76.555,40.279],[-75.949,40.299],[-75.779,40.402],[-75.653,40.323],[-75.389,40.529],[-74.682,40.755],[-74.593,40.708],[-73.967,41.245]]],[[[-74.076,40.648],[-74.101,40.556],[-74.254,40.501],[-74.194,40.637],[-74.076,40.648]]],[[[-78.808,37.882],[-78.76,37.833],[-78.677,37.998],[-78.808,37.882]]]]}},{"type":"Feature","properties":{"gid":"65","name":"Southeastern Plains","l2":"Southeastern USA Plains","l1":"Eastern Temperate Forests"},"geometry":{"type":"MultiPolygon","coordinates":[[[[-75.71,39.688],[-76.002,39.45],[-75.948,39.595],[-76.632,39.269],[-76.559,39.233],[-76.601,39.152],[-76.551,39.218],[-76.56,39.143],[-76.431,39.132],[-76.433,39.059],[-76.535,39.067],[-76.404,39.033],[-76.475,38.989],[-76.619,39.081],[-76.45,38.941],[-76.606,38.977],[-76.493,38.904],[-76.573,38.779],[-76.507,38.506],[-76.387,38.363],[-76.626,38.472],[-76.701,38.74],[-76.703,38.499],[-76.421,38.267],[-76.363,38.125],[-76.92,38.393],[-76.861,38.309],[-77.028,38.462],[-77.252,38.39],[-77.059,38.386],[-76.98,38.158],[-76.781,38.168],[-76.32,37.874],[-76.447,37.88],[-76.348,37.787],[-76.414,37.653],[-76.472,37.666],[-76.408,37.734],[-76.515,37.746],[-76.51,37.642],[-76.588,37.775],[-76.857,37.931],[-76.549,37.621],[-76.414,37.581],[-76.44,37.518],[-76.546,37.558],[-76.432,37.513],[-76.504,37.245],[-76.806,37.506],[-76.493,37.223],[-77.225,37.325],[-76.765,37.17],[-76.961,37.027],[-77.058,36.805],[-77.113,36.842],[-77.18,36.6],[-77.022,36.396],[-77.564,36.427],[-77.27,36.157],[-77.426,36.013],[-77.403,35.849],[-77.497,35.632],[-77.422,35.352],[-77.644,35.151],[-77.669,34.992],[-77.969,34.918],[-78.26,34.723],[-78.429,34.749],[-78.771,35.016],[-78.756,34.76],[-78.435,34.505],[-78.735,34.194],[-78.868,34.11],[-79.194,34.236],[-79.34,34.022],[-79.679,34.043],[-79.824,34.147],[-80.142,34.085],[-80.157,33.397],[-80.8,33.452],[-81.023,33.346],[-81.23,32.93],[-81.461,32.861],[-81.571,32.433],[-81.809,32.212],[-81.803,32.086],[-81.979,32.078],[-81.95,32.156],[-82.054,32.171],[-82.032,31.972],[-81.951,31.939],[-81.988,32.021],[-81.915,32.039],[-81.859,31.982],[-81.948,31.721],[-82.075,31.801],[-82.348,31.799],[-82.379,31.885],[-82.694,31.839],[-82.822,31.732],[-82.816,31.601],[-82.731,31.608],[-82.753,31.407],[-82.962,31.335],[-82.987,31.434],[-83.259,31.345],[-83.259,31.167],[-83.121,31.094],[-83.256,30.855],[-83.169,30.797],[-83.1,30.844],[-83.061,30.6],[-82.571,30.185],[-82.514,29.947],[-82.586,29.857],[-83.22,30.04],[-83.316,30.11],[-83.388,30.413],[-83.581,30.365],[-83.614,30.508],[-83.819,30.548],[-83.837,30.345],[-84.272,30.396],[-84.404,30.499],[-84.88,30.28],[-85.342,30.421],[-85.677,30.373],[-85.853,30.478],[-85.865,30.695],[-85.917,30.558],[-86.503,30.574],[-86.802,30.47],[-86.959,30.512],[-86.836,30.632],[-87.165,30.598],[-87.26,30.69],[-87.226,30.55],[-87.357,30.499],[-87.452,30.557],[-87.452,30.409],[-87.678,30.306],[-87.891,30.457],[-87.857,31.067],[-87.912,31.134],[-88.014,31.081],[-88.25,30.438],[-88.348,30.444],[-88.722,30.839],[-88.775,30.789],[-88.641,30.615],[-88.715,30.508],[-89.1,30.518],[-89.253,30.412],[-89.573,30.454],[-89.796,30.633],[-89.797,30.783],[-89.806,30.643],[-89.946,30.495],[-90.36,30.552],[-90.505,30.744],[-90.655,30.662],[-90.826,30.687],[-90.808,30.977],[-90.4,31.213],[-90.438,31.417],[-90.366,31.659],[-90.124,31.854],[-90.182,32.004],[-90.017,32.112],[-89.96,32.256],[-90.015,32.42],[-89.639,32.666],[-89.92,32.866],[-89.678,33.294],[-89.696,33.52],[-89.841,33.612],[-89.776,33.738],[-89.842,33.906],[-89.772,34.237],[-89.85,34.438],[-89.674,34.608],[-89.401,34.695],[-89.334,34.809],[-89.159,34.838],[-89.101,34.978],[-89.272,35.105],[-89.305,35.254],[-89.164,35.343],[-89.123,35.474],[-88.836,35.596],[-88.817,35.724],[-88.93,35.947],[-88.664,36.294],[-88.764,36.388],[-88.273,36.487],[-88.056,36.273],[-88.008,36.062],[-88.082,36.013],[-88.054,35.847],[-88.128,35.734],[-88.1,35.293],[-87.894,35.102],[-87.688,35.245],[-87.725,35.116],[-87.658,35.025],[-87.825,34.97],[-88.035,34.757],[-87.712,34.563],[-87.813,34.473],[-87.678,34.333],[-87.798,34.281],[-87.565,34.256],[-87.668,34.165],[-87.794,34.194],[-87.833,34.112],[-87.688,33.909],[-87.663,33.579],[-87.472,33.215],[-87.174,33.173],[-87.149,32.973],[-86.711,32.979],[-86.278,32.624],[-86.005,32.64],[-85.887,32.536],[-85.816,32.604],[-85.487,32.621],[-85.473,32.535],[-84.999,32.504],[-84.355,32.676],[-84.093,32.66],[-84.0,32.777],[-83.749,32.795],[-83.513,32.963],[-83.165,33.033],[-83.132,33.197],[-83.11,33.059],[-83.046,33.085],[-83.111,33.282],[-82.988,33.106],[-82.909,33.254],[-82.735,33.236],[-82.699,33.337],[-82.601,33.244],[-82.628,33.355],[-82.464,33.37],[-82.439,33.562],[-82.366,33.424],[-82.138,33.525],[-82.01,33.488],[-81.868,33.727],[-81.894,33.811],[-81.088,34.017],[-80.952,34.121],[-80.997,34.216],[-80.749,34.22],[-80.872,34.282],[-80.648,34.313],[-80.59,34.566],[-80.522,34.551],[-80.572,34.639],[-80.417,34.638],[-80.452,34.747],[-80.081,34.731],[-80.128,34.843],[-80.011,34.881],[-79.937,34.818],[-79.958,34.965],[-79.767,35.023],[-79.824,35.071],[-79.748,35.108],[-79.779,35.314],[-79.598,35.364],[-79.602,35.284],[-79.527,35.29],[-79.214,35.41],[-78.975,35.348],[-79.082,35.449],[-79.233,35.435],[-79.065,35.499],[-78.82,35.421],[-78.767,35.517],[-78.833,35.443],[-78.833,35.553],[-78.866,35.476],[-78.939,35.517],[-78.841,35.65],[-78.666,35.589],[-78.66,35.66],[-78.445,35.55],[-78.45,35.648],[-78.33,35.588],[-78.315,35.697],[-78.114,35.687],[-78.14,35.845],[-78.055,35.881],[-78.126,35.947],[-77.963,36.161],[-77.809,36.223],[-77.782,36.437],[-77.651,36.477],[-77.7,36.519],[-77.596,36.689],[-77.504,37.353],[-77.533,38.34],[-76.92,39.105],[-76.591,39.378],[-76.389,39.409],[-76.017,39.643],[-75.71,39.688]]]]}},{"type":"Feature","properties":{"gid":"66","name":"Blue Ridge","l2":"Ozark/Ouachita-Appalachian Forests","l1":"Eastern Temperate Forests"},"geometry":{"type":"MultiPolygon","coordinates":[[[[-79.921,37.204],[-79.804,37.204],[-80.065,37.11],[-80.071,36.931],[-80.296,36.816],[-80.307,36.744],[-80.11,36.748],[-80.279,36.607],[-80.47,36.568],[-80.627,36.652],[-80.833,36.497],[-80.878,36.548],[-80.885,36.406],[-81.072,36.382],[-81.072,36.318],[-81.126,36.373],[-81.123,36.279],[-81.325,36.205],[-81.45,36.056],[-81.323,36.1],[-81.329,36.018],[-80.945,36.154],[-80.907,36.117],[-81.011,36.039],[-80.957,35.987],[-81.234,36.005],[-81.448,35.866],[-81.505,35.896],[-81.465,35.955],[-81.677,35.941],[-81.984,35.74],[-81.874,35.571],[-81.5,35.724],[-81.58,35.564],[-81.77,35.524],[-81.738,35.412],[-81.97,35.531],[-82.071,35.485],[-82.086,35.547],[-82.278,35.334],[-82.176,35.295],[-82.264,35.138],[-82.671,35.046],[-82.816,34.916],[-83.015,34.955],[-83.136,34.767],[-83.341,34.644],[-83.393,34.733],[-83.572,34.714],[-83.578,34.793],[-83.818,34.644],[-84.095,34.633],[-84.264,34.51],[-84.253,34.321],[-84.753,34.1],[-84.758,34.217],[-84.658,34.327],[-84.745,34.763],[-84.668,34.814],[-84.735,34.896],[-84.691,35.033],[-84.528,35.28],[-84.279,35.363],[-84.084,35.585],[-83.678,35.832],[-83.541,35.771],[-83.245,35.95],[-83.27,35.868],[-83.191,35.853],[-83.246,35.806],[-83.07,35.963],[-82.455,36.169],[-82.34,36.287],[-82.341,36.2],[-82.129,36.344],[-82.202,36.409],[-81.486,36.834],[-81.296,36.854],[-81.449,36.758],[-80.912,36.83],[-80.694,37.002],[-80.245,37.097],[-80.101,37.263],[-79.921,37.204]]],[[[-77.057,40.111],[-77.369,39.877],[-77.353,39.68],[-77.576,39.133],[-77.506,39.429],[-77.569,39.504],[-77.731,39.175],[-77.716,39.3],[-77.839,39.08],[-78.248,38.682],[-78.315,38.367],[-78.365,38.439],[-78.631,38.235],[-78.613,38.132],[-78.684,38.209],[-78.686,38.11],[-78.848,38.025],[-78.931,37.87],[-78.777,37.78],[-78.934,37.727],[-78.993,37.826],[-79.048,37.732],[-79.286,37.643],[-79.449,37.499],[-79.254,37.485],[-79.376,37.395],[-79.462,37.475],[-79.87,37.299],[-79.698,37.37],[-79.673,37.473],[-79.91,37.322],[-79.874,37.41],[-79.438,37.633],[-79.135,37.974],[-78.959,37.963],[-78.763,38.277],[-78.571,38.393],[-78.564,38.545],[-78.388,38.624],[-78.35,38.787],[-78.233,38.848],[-78.199,38.799],[-78.207,38.892],[-77.868,39.139],[-77.529,39.702],[-77.536,39.966],[-77.37,40.08],[-77.057,40.111]]],[[[-78.686,37.95],[-78.765,37.83],[-78.829,37.907],[-78.686,37.95]]]]}},{"type":"Feature","properties":{"gid":"67","name":"Ridge and Valley","l2":"Ozark/Ouachita-Appalachian Forests","l1":"Eastern Temperate Forests"},"geometry":{"type":"MultiPolygon","coordinates":[[[[-74.046,41.795],[-74.07,41.442],[-74.259,41.35],[-74.292,41.251],[-74.509,41.197],[-74.511,41.281],[-74.576,41.105],[-75.14,40.727],[-74.803,40.869],[-74.944,40.716],[-75.901,40.429],[-75.947,40.299],[-76.171,40.353],[-76.668,40.263],[-77.492,40.007],[-77.529,39.702],[-77.868,39.139],[-78.207,38.892],[-78.199,38.799],[-78.233,38.848],[-78.35,38.787],[-78.388,38.624],[-78.564,38.545],[-78.571,38.393],[-78.763,38.277],[-78.959,37.963],[-79.135,37.974],[-79.438,37.633],[-79.874,37.41],[-79.91,37.322],[-79.647,37.459],[-79.868,37.307],[-79.843,37.229],[-80.008,37.197],[-80.101,37.263],[-80.245,37.097],[-80.694,37.002],[-80.912,36.83],[-81.449,36.758],[-81.296,36.854],[-81.486,36.834],[-82.202,36.409],[-82.129,36.344],[-82.341,36.2],[-82.34,36.287],[-82.455,36.169],[-83.07,35.963],[-83.246,35.806],[-83.191,35.853],[-83.27,35.868],[-83.245,35.95],[-83.541,35.771],[-83.678,35.832],[-84.627,35.159],[-84.732,34.919],[-84.668,34.815],[-84.745,34.763],[-84.658,34.327],[-84.758,34.217],[-84.753,34.1],[-84.964,34.058],[-85.017,33.961],[-85.428,33.935],[-85.601,33.837],[-85.661,33.637],[-85.903,33.536],[-86.204,33.28],[-86.244,33.15],[-86.446,33.04],[-86.634,33.177],[-86.846,32.973],[-87.129,32.965],[-87.174,33.173],[-87.291,33.146],[-86.78,33.593],[-86.447,34.004],[-86.148,34.148],[-86.609,33.77],[-86.206,33.955],[-86.315,33.936],[-85.712,34.52],[-85.102,35.459],[-84.692,35.879],[-84.185,36.151],[-84.214,36.331],[-83.544,36.651],[-82.764,36.863],[-82.807,36.719],[-82.203,36.93],[-82.04,37.071],[-80.876,37.356],[-80.311,37.658],[-80.415,37.632],[-80.373,37.775],[-79.882,38.429],[-79.629,38.951],[-79.534,39.036],[-79.329,38.991],[-78.735,39.885],[-79.575,39.152],[-80.04,38.466],[-80.093,38.601],[-79.787,39.263],[-79.535,39.557],[-79.47,39.532],[-79.541,39.324],[-79.1,39.64],[-78.749,40.053],[-78.399,40.643],[-77.876,41.015],[-77.088,41.355],[-76.573,41.332],[-76.126,41.194],[-75.621,41.501],[-75.455,41.727],[-75.422,41.593],[-75.601,41.255],[-75.679,41.283],[-75.982,41.083],[-75.873,41.118],[-75.936,41.078],[-75.633,41.009],[-75.656,40.869],[-74.948,41.13],[-74.369,41.76],[-74.05,41.947],[-74.046,41.795]]],[[[-85.381,34.977],[-85.649,34.508],[-86.074,34.023],[-85.742,34.21],[-85.366,34.632],[-85.306,34.774],[-85.46,34.637],[-85.341,35.02],[-85.381,34.977]]],[[[-77.981,40.435],[-78.262,40.169],[-78.311,40.054],[-78.203,40.056],[-78.273,39.866],[-78.126,39.996],[-77.981,40.435]]]]}},{"type":"Feature","properties":{"gid":"68","name":"Southwestern Appalachians","l2":"Ozark/Ouachita-Appalachian Forests","l1":"Eastern Temperate Forests"},"geometry":{"type":"MultiPolygon","coordinates":[[[[-84.005,37.477],[-83.893,37.359],[-83.878,37.055],[-84.018,36.916],[-84.137,36.909],[-84.142,36.785],[-84.459,36.518],[-84.392,36.405],[-84.506,36.398],[-84.499,36.296],[-84.632,36.269],[-84.618,36.162],[-84.587,36.214],[-84.488,36.169],[-84.597,36.111],[-84.429,36.094],[-84.556,36.037],[-84.341,36.047],[-84.692,35.879],[-85.102,35.459],[-85.712,34.52],[-86.315,33.936],[-86.196,33.985],[-86.22,33.941],[-86.609,33.77],[-86.148,34.148],[-86.447,34.004],[-86.78,33.593],[-87.291,33.146],[-87.472,33.215],[-87.663,33.579],[-87.688,33.909],[-87.833,34.112],[-87.794,34.194],[-87.668,34.165],[-87.564,34.236],[-87.798,34.281],[-87.678,34.333],[-87.75,34.454],[-87.465,34.402],[-87.345,34.462],[-87.004,34.323],[-86.85,34.355],[-86.842,34.43],[-86.66,34.383],[-86.637,34.532],[-86.326,34.508],[-86.226,34.607],[-86.306,34.704],[-86.218,34.754],[-86.243,34.815],[-86.392,34.706],[-86.401,34.967],[-86.201,35.036],[-86.186,35.117],[-85.994,35.126],[-85.998,35.25],[-85.834,35.265],[-85.835,35.383],[-85.904,35.326],[-85.948,35.428],[-85.799,35.499],[-85.801,35.611],[-85.737,35.653],[-85.756,35.514],[-85.722,35.575],[-85.648,35.488],[-85.699,35.686],[-85.605,35.732],[-85.57,35.656],[-85.573,35.787],[-85.384,35.82],[-85.397,35.889],[-85.459,35.831],[-85.447,35.938],[-85.315,36.023],[-85.447,36.029],[-85.388,36.112],[-85.445,36.112],[-85.433,36.202],[-85.222,36.388],[-85.176,36.308],[-85.139,36.433],[-85.004,36.38],[-84.985,36.478],[-85.055,36.436],[-85.083,36.522],[-84.919,36.524],[-84.991,36.606],[-85.05,36.563],[-85.039,36.703],[-85.157,36.734],[-85.069,36.789],[-84.943,36.706],[-84.854,36.826],[-84.814,36.775],[-84.82,36.936],[-84.59,36.937],[-84.564,37.159],[-84.466,37.147],[-84.329,37.431],[-84.216,37.499],[-84.005,37.477]]],[[[-85.386,34.851],[-85.453,34.62],[-85.303,34.763],[-85.421,34.563],[-85.742,34.21],[-86.074,34.023],[-85.649,34.508],[-85.345,35.022],[-85.386,34.851]]],[[[-86.608,34.828],[-86.417,34.707],[-86.516,34.706],[-86.507,34.526],[-86.564,34.796],[-86.655,34.791],[-86.608,34.828]]],[[[-86.348,34.685],[-86.334,34.611],[-86.434,34.557],[-86.426,34.68],[-86.348,34.685]]]]}},{"type":"Feature","properties":{"gid":"69","name":"Central Appalachians","l2":"Ozark/Ouachita-Appalachian Forests","l1":"Eastern Temperate Forests"},"geometry":{"type":"MultiPolygon","coordinates":[[[[-77.763,41.126],[-77.625,41.108],[-78.399,40.643],[-78.749,40.053],[-79.1,39.64],[-79.541,39.324],[-79.47,39.532],[-79.535,39.557],[-79.787,39.263],[-80.093,38.601],[-80.04,38.466],[-79.575,39.152],[-78.735,39.885],[-79.329,38.991],[-79.534,39.036],[-79.629,38.951],[-79.882,38.429],[-80.373,37.775],[-80.415,37.632],[-80.306,37.67],[-80.364,37.615],[-80.876,37.356],[-82.04,37.071],[-82.203,36.93],[-82.807,36.719],[-82.764,36.863],[-83.646,36.615],[-84.217,36.328],[-84.156,36.204],[-84.301,36.052],[-84.57,36.052],[-84.429,36.094],[-84.597,36.111],[-84.488,36.169],[-84.647,36.181],[-84.632,36.27],[-84.392,36.405],[-84.459,36.518],[-84.142,36.785],[-84.137,36.909],[-84.018,36.916],[-83.88,37.054],[-83.846,37.3],[-83.646,37.54],[-83.421,37.693],[-83.297,37.692],[-83.013,37.953],[-82.874,37.931],[-82.594,38.111],[-82.045,38.081],[-81.411,38.471],[-80.785,38.588],[-80.577,38.676],[-80.541,38.79],[-80.287,38.826],[-79.936,39.203],[-80.0,39.394],[-80.124,39.402],[-79.93,39.541],[-78.975,40.685],[-78.964,40.817],[-78.824,40.975],[-78.642,41.112],[-78.529,41.048],[-77.988,41.195],[-77.733,41.184],[-77.763,41.126]]],[[[-78.094,40.071],[-78.273,39.866],[-78.203,40.056],[-78.312,40.06],[-78.239,40.212],[-77.958,40.441],[-78.094,40.071]]]]}},{"type":"Feature","properties":{"gid":"7","name":"Central California Valley","l2":"Mediterranean California","l1":"Mediterranean California"},"geometry":{"type":"MultiPolygon","coordinates":[[[[-122.184,40.207],[-121.951,40.019],[-121.752,39.665],[-121.574,39.648],[-121.482,39.292],[-121.359,39.22],[-121.414,39.195],[-121.27,38.937],[-121.296,38.777],[-121.117,38.682],[-121.201,38.453],[-121.092,38.458],[-121.103,38.306],[-121.006,38.205],[-121.072,38.193],[-120.994,38.134],[-121.038,38.064],[-120.938,38.052],[-120.974,37.952],[-120.832,37.921],[-120.913,37.905],[-120.798,37.877],[-120.882,37.876],[-120.813,37.795],[-120.688,37.815],[-120.768,37.681],[-120.47,37.673],[-120.302,37.389],[-119.98,37.093],[-119.666,36.961],[-119.682,36.873],[-119.513,36.924],[-119.501,36.783],[-119.4,36.791],[-119.43,36.685],[-119.355,36.766],[-119.343,36.666],[-119.238,36.632],[-119.289,36.599],[-119.181,36.555],[-119.236,36.506],[-119.136,36.429],[-119.133,36.529],[-119.006,36.424],[-119.05,36.28],[-119.108,36.287],[-118.943,36.108],[-119.036,36.105],[-118.919,36.059],[-118.973,36.032],[-118.91,35.68],[-118.743,35.357],[-118.59,35.287],[-118.737,35.274],[-118.71,35.215],[-118.795,35.163],[-118.674,35.051],[-118.718,35.017],[-118.956,34.927],[-119.017,35.033],[-119.292,34.949],[-119.439,35.031],[-119.414,35.116],[-119.629,35.226],[-119.337,35.17],[-119.68,35.346],[-119.439,35.234],[-119.317,35.266],[-119.71,35.348],[-119.769,35.463],[-119.847,35.446],[-120.164,35.702],[-119.995,35.686],[-119.981,35.841],[-119.945,35.746],[-119.883,35.761],[-119.95,35.992],[-120.207,36.083],[-120.252,36.307],[-120.501,36.542],[-120.704,36.614],[-120.715,36.746],[-120.855,36.774],[-120.777,36.836],[-120.955,37.045],[-121.072,37.052],[-121.178,37.45],[-121.569,37.696],[-121.775,37.947],[-121.677,38.002],[-122.129,38.051],[-122.129,38.197],[-122.032,38.237],[-121.907,38.221],[-121.815,38.072],[-121.69,38.16],[-121.965,38.332],[-121.999,38.614],[-122.125,38.7],[-122.069,38.802],[-121.877,38.693],[-121.873,38.763],[-122.302,39.116],[-122.271,39.645],[-122.334,39.922],[-122.449,39.917],[-122.321,40.012],[-122.339,40.122],[-122.184,40.207]]]]}},{"type":"Feature","properties":{"gid":"70","name":"Western Allegheny Plateau","l2":"Ozark/Ouachita-Appalachian Forests","l1":"Eastern Temperate Forests"},"geometry":{"type":"MultiPolygon","coordinates":[[[[-79.339,41.403],[-79.283,41.386],[-79.36,41.267],[-79.261,41.209],[-78.693,41.271],[-78.799,41.151],[-78.671,41.064],[-78.845,40.955],[-78.975,40.685],[-79.93,39.541],[-80.124,39.402],[-80.0,39.394],[-79.936,39.203],[-80.287,38.826],[-80.541,38.79],[-80.577,38.676],[-80.785,38.588],[-81.411,38.471],[-82.045,38.081],[-82.594,38.111],[-82.874,37.931],[-83.013,37.953],[-83.297,37.692],[-83.421,37.693],[-83.646,37.54],[-83.905,37.116],[-83.893,37.357],[-84.01,37.42],[-83.995,37.503],[-84.262,37.502],[-84.226,37.61],[-83.954,37.681],[-83.984,37.808],[-83.81,37.852],[-83.954,37.915],[-83.779,37.942],[-83.675,38.124],[-83.543,38.115],[-83.652,38.191],[-83.652,38.398],[-83.385,38.761],[-83.399,38.903],[-83.326,38.959],[-83.413,39.117],[-83.267,39.228],[-83.327,39.296],[-82.781,39.424],[-82.685,39.676],[-82.33,39.667],[-82.175,39.844],[-82.187,39.963],[-82.377,40.003],[-82.257,40.087],[-82.42,40.116],[-82.142,40.311],[-82.244,40.393],[-82.307,40.611],[-81.9,40.532],[-81.242,40.79],[-80.924,40.734],[-80.445,40.792],[-80.044,41.027],[-79.983,41.358],[-79.339,41.403]]]]}},{"type":"Feature","properties":{"gid":"71","name":"Interior Plateau","l2":"Southeastern USA Plains","l1":"Eastern Temperate Forests"},"geometry":{"type":"MultiPolygon","coordinates":[[[[-85.205,39.575],[-84.904,39.405],[-84.885,39.321],[-84.584,39.301],[-84.536,39.14],[-84.241,39.022],[-84.152,38.803],[-84.017,38.791],[-83.916,38.884],[-83.944,38.812],[-83.839,38.834],[-83.881,38.785],[-83.808,38.763],[-83.507,38.823],[-83.457,39.002],[-83.641,39.101],[-83.391,39.098],[-83.326,38.959],[-83.399,38.903],[-83.385,38.761],[-83.652,38.398],[-83.652,38.191],[-83.543,38.115],[-83.675,38.124],[-83.779,37.942],[-83.954,37.915],[-83.81,37.852],[-83.991,37.802],[-83.955,37.68],[-84.233,37.605],[-84.216,37.499],[-84.335,37.424],[-84.446,37.173],[-84.564,37.159],[-84.59,36.937],[-84.819,36.937],[-84.795,36.803],[-84.938,36.783],[-84.943,36.706],[-85.069,36.789],[-85.157,36.734],[-85.039,36.703],[-85.05,36.563],[-84.991,36.606],[-84.919,36.524],[-85.083,36.522],[-85.055,36.436],[-84.985,36.478],[-85.004,36.38],[-85.139,36.433],[-85.176,36.308],[-85.222,36.388],[-85.433,36.202],[-85.445,36.112],[-85.388,36.112],[-85.447,36.029],[-85.315,36.023],[-85.447,35.938],[-85.459,35.831],[-85.397,35.889],[-85.384,35.82],[-85.573,35.787],[-85.57,35.656],[-85.605,35.732],[-85.699,35.686],[-85.648,35.488],[-85.722,35.575],[-85.756,35.514],[-85.737,35.653],[-85.801,35.611],[-85.799,35.499],[-85.948,35.428],[-85.904,35.326],[-85.835,35.383],[-85.834,35.265],[-85.998,35.25],[-85.994,35.126],[-86.186,35.117],[-86.201,35.036],[-86.401,34.967],[-86.392,34.706],[-86.243,34.815],[-86.218,34.754],[-86.306,34.704],[-86.226,34.607],[-86.326,34.508],[-86.637,34.532],[-86.66,34.383],[-86.842,34.43],[-86.85,34.355],[-87.004,34.323],[-87.345,34.462],[-87.767,34.425],[-87.813,34.481],[-87.717,34.571],[-88.035,34.757],[-87.825,34.97],[-87.663,35.007],[-87.725,35.116],[-87.686,35.24],[-87.894,35.102],[-88.1,35.293],[-88.128,35.734],[-88.054,35.847],[-88.082,36.013],[-88.008,36.066],[-88.056,36.273],[-88.242,36.496],[-88.153,36.693],[-88.239,36.678],[-88.257,36.853],[-88.371,36.966],[-88.272,37.037],[-88.45,37.054],[-88.397,37.162],[-88.49,37.293],[-88.461,37.369],[-88.054,37.498],[-88.01,37.248],[-87.869,37.227],[-87.862,37.151],[-87.598,37.049],[-87.251,37.073],[-87.25,36.969],[-87.053,36.956],[-86.71,37.154],[-86.296,37.128],[-85.783,37.345],[-86.105,37.315],[-86.094,37.429],[-86.469,37.473],[-86.593,37.681],[-86.536,37.747],[-86.797,37.964],[-86.956,38.529],[-86.821,39.019],[-86.938,39.103],[-86.894,39.298],[-86.918,39.395],[-86.997,39.404],[-86.948,39.518],[-87.056,39.672],[-86.879,39.704],[-86.855,39.596],[-86.785,39.645],[-86.781,39.506],[-86.669,39.426],[-86.41,39.579],[-86.353,39.424],[-86.075,39.327],[-86.034,39.007],[-86.219,38.782],[-86.003,38.749],[-85.79,38.596],[-85.824,38.484],[-85.948,38.468],[-85.817,38.433],[-85.838,38.278],[-85.75,38.27],[-85.419,38.555],[-85.471,38.699],[-85.441,38.769],[-85.312,38.753],[-85.371,38.868],[-85.289,38.844],[-85.307,38.93],[-85.216,38.936],[-85.163,38.781],[-85.158,38.857],[-85.065,38.791],[-84.9,38.841],[-84.965,38.948],[-85.165,38.906],[-85.228,39.01],[-85.217,39.067],[-85.094,38.956],[-84.965,39.024],[-85.129,39.081],[-85.015,39.048],[-85.108,39.144],[-84.942,39.133],[-85.05,39.24],[-84.842,39.202],[-85.066,39.413],[-85.096,39.328],[-85.171,39.428],[-85.236,39.373],[-85.195,39.458],[-85.286,39.555],[-85.205,39.575]]],[[[-88.291,37.696],[-88.087,37.49],[-88.436,37.424],[-88.515,37.303],[-88.657,37.359],[-88.792,37.285],[-88.891,37.373],[-89.265,37.276],[-89.398,37.617],[-89.352,37.7],[-88.729,37.6],[-88.291,37.696]]],[[[-86.651,34.786],[-86.564,34.796],[-86.507,34.526],[-86.516,34.706],[-86.417,34.707],[-86.593,34.827],[-86.651,34.786]]],[[[-88.486,37.235],[-88.461,37.15],[-88.653,37.323],[-88.486,37.235]]],[[[-86.37,34.689],[-86.434,34.557],[-86.334,34.611],[-86.37,34.689]]]]}},{"type":"Feature","properties":{"gid":"72","name":"Interior River Valleys and Hills","l2":"Southeastern USA Plains","l1":"Eastern Temperate Forests"},"geometry":{"type":"MultiPolygon","coordinates":[[[[-90.104,42.088],[-90.067,41.923],[-90.234,41.744],[-89.966,41.682],[-90.487,41.359],[-90.364,41.325],[-90.545,41.234],[-90.372,41.156],[-90.426,41.093],[-89.828,40.972],[-89.674,40.84],[-89.651,40.672],[-89.572,40.714],[-89.609,40.966],[-89.479,40.994],[-89.435,41.251],[-89.268,41.304],[-89.263,41.184],[-89.151,41.085],[-89.349,41.017],[-89.416,40.677],[-89.597,40.507],[-89.635,40.602],[-89.791,40.511],[-90.282,40.093],[-89.852,40.149],[-89.991,40.087],[-89.938,39.947],[-90.147,39.932],[-90.066,39.855],[-90.18,39.774],[-90.214,39.614],[-90.014,39.628],[-89.805,39.401],[-89.685,39.417],[-89.693,39.176],[-89.114,39.384],[-88.217,39.333],[-87.838,39.499],[-87.485,39.475],[-87.433,39.813],[-87.81,40.129],[-87.731,40.26],[-87.577,40.236],[-87.385,40.115],[-87.309,39.722],[-87.019,39.787],[-86.878,39.702],[-87.059,39.646],[-86.948,39.518],[-86.997,39.404],[-86.917,39.392],[-86.918,39.049],[-86.821,39.019],[-86.956,38.529],[-86.77,37.918],[-86.669,37.913],[-86.536,37.747],[-86.593,37.681],[-86.469,37.473],[-86.094,37.429],[-86.105,37.315],[-85.783,37.345],[-86.28,37.132],[-86.71,37.154],[-87.034,36.959],[-87.232,36.964],[-87.245,37.071],[-87.617,37.052],[-88.007,37.243],[-88.054,37.498],[-88.455,37.379],[-88.49,37.293],[-88.397,37.162],[-88.45,37.054],[-88.266,37.022],[-88.546,37.044],[-88.457,36.933],[-88.557,36.932],[-88.657,37.105],[-88.943,37.2],[-89.097,36.953],[-89.176,37.032],[-89.114,37.13],[-89.25,37.114],[-89.335,37.187],[-89.626,37.051],[-89.693,37.152],[-89.49,37.251],[-89.761,37.293],[-89.852,37.531],[-89.982,37.627],[-89.925,37.707],[-89.982,37.8],[-90.375,38.157],[-90.287,38.463],[-90.462,38.628],[-91.016,38.453],[-91.57,38.643],[-92.536,38.404],[-92.614,38.437],[-92.508,38.528],[-92.718,38.6],[-92.627,38.677],[-92.797,38.731],[-92.545,38.784],[-92.566,38.844],[-92.666,38.808],[-92.733,38.888],[-92.799,38.803],[-92.841,38.872],[-92.862,38.798],[-92.947,38.867],[-93.019,38.691],[-93.148,38.775],[-93.286,38.745],[-93.25,38.831],[-93.089,38.879],[-93.248,38.885],[-93.159,38.94],[-93.27,38.93],[-93.241,39.027],[-93.012,38.994],[-92.965,39.124],[-92.569,39.309],[-92.453,39.276],[-92.463,39.076],[-92.261,38.963],[-92.264,38.755],[-92.16,38.875],[-91.977,38.817],[-91.991,38.927],[-91.895,38.947],[-91.948,39.003],[-91.742,38.885],[-91.65,38.912],[-91.769,38.961],[-91.722,39.098],[-91.566,39.068],[-91.598,38.989],[-91.516,38.889],[-91.054,38.787],[-90.931,38.675],[-90.893,38.752],[-90.988,38.808],[-90.926,38.822],[-91.198,38.861],[-91.103,38.961],[-90.935,38.904],[-90.93,38.981],[-91.188,38.968],[-91.24,38.891],[-91.241,38.997],[-91.324,38.973],[-91.279,39.04],[-91.524,39.109],[-91.402,39.177],[-91.127,39.049],[-91.409,39.269],[-91.201,39.225],[-91.185,39.291],[-91.075,39.262],[-91.104,39.31],[-91.362,39.436],[-91.389,39.356],[-91.453,39.447],[-91.566,39.415],[-91.395,39.582],[-91.606,39.511],[-91.676,39.37],[-91.712,39.46],[-91.792,39.446],[-91.77,39.278],[-91.911,39.326],[-91.849,39.395],[-91.992,39.469],[-91.902,39.512],[-92.007,39.587],[-91.947,39.662],[-91.786,39.544],[-91.804,39.624],[-91.662,39.572],[-91.617,39.656],[-91.469,39.659],[-91.501,39.736],[-91.427,39.712],[-91.859,39.69],[-91.75,39.786],[-91.98,39.822],[-91.924,39.867],[-91.992,39.93],[-91.664,39.833],[-91.529,39.916],[-91.629,39.973],[-91.524,39.949],[-91.5,40.042],[-91.609,40.503],[-91.376,40.397],[-91.461,40.592],[-91.099,40.764],[-91.03,40.993],[-91.586,41.474],[-91.533,41.496],[-91.589,41.604],[-91.514,41.561],[-91.538,41.624],[-91.46,41.641],[-91.36,41.463],[-91.078,41.588],[-91.221,41.354],[-91.14,41.234],[-91.139,41.41],[-90.665,41.461],[-90.345,41.589],[-90.312,41.748],[-90.195,41.808],[-90.166,42.087],[-90.104,42.088]]],[[[-88.285,37.66],[-88.405,37.701],[-88.748,37.601],[-89.352,37.7],[-89.398,37.617],[-89.265,37.276],[-88.891,37.373],[-88.791,37.285],[-88.657,37.359],[-88.514,37.303],[-88.436,37.424],[-88.087,37.49],[-88.285,37.66]]],[[[-88.625,37.326],[-88.461,37.15],[-88.496,37.251],[-88.625,37.326]]]]}},{"type":"Feature","properties":{"gid":"73","name":"Mississippi Alluvial Plain","l2":"Mississippi Alluvial And Southeast USA Coastal Plains","l1":"Eastern Temperate Forests"},"geometry":{"type":"MultiPolygon","coordinates":[[[[-89.552,37.299],[-89.491,37.247],[-89.696,37.147],[-89.636,37.054],[-89.335,37.187],[-89.25,37.114],[-89.114,37.13],[-89.176,37.032],[-89.062,36.934],[-89.098,36.6],[-89.309,36.471],[-89.42,36.274],[-89.373,36.181],[-89.503,36.06],[-89.434,35.969],[-89.887,35.613],[-89.835,35.599],[-90.076,35.301],[-90.037,35.192],[-90.217,34.628],[-90.026,34.321],[-90.083,34.197],[-90.005,33.763],[-90.056,33.496],[-90.245,33.033],[-90.578,32.615],[-90.781,32.52],[-90.963,32.108],[-91.364,31.682],[-91.45,31.381],[-91.354,31.339],[-91.541,31.106],[-91.568,30.938],[-91.297,30.688],[-91.178,30.409],[-91.01,30.322],[-90.952,30.163],[-90.797,30.202],[-90.836,30.31],[-90.581,30.318],[-90.414,30.418],[-90.169,30.411],[-89.609,30.189],[-89.718,30.025],[-89.839,30.025],[-89.839,29.946],[-89.609,29.872],[-89.484,30.079],[-89.338,29.887],[-89.418,29.816],[-89.27,29.758],[-89.472,29.785],[-89.428,29.676],[-89.652,29.75],[-89.486,29.623],[-89.641,29.682],[-89.723,29.606],[-89.692,29.523],[-89.52,29.459],[-89.563,29.393],[-89.279,29.357],[-89.237,29.254],[-89.268,29.2],[-89.356,29.286],[-89.352,29.167],[-89.42,29.139],[-89.639,29.327],[-89.831,29.314],[-89.775,29.399],[-89.856,29.487],[-89.98,29.456],[-90.173,29.577],[-90.234,29.498],[-90.06,29.453],[-90.036,29.303],[-90.139,29.322],[-90.05,29.189],[-90.226,29.085],[-90.238,29.234],[-90.353,29.341],[-90.404,29.26],[-90.441,29.349],[-90.48,29.277],[-90.611,29.315],[-90.549,29.202],[-90.661,29.24],[-90.691,29.122],[-90.858,29.087],[-91.335,29.299],[-91.233,29.375],[-91.118,29.257],[-91.257,29.548],[-91.293,29.477],[-91.411,29.553],[-91.551,29.519],[-91.554,29.633],[-91.663,29.632],[-91.621,29.737],[-91.881,29.711],[-91.828,29.831],[-92.108,29.746],[-91.924,29.947],[-91.643,29.876],[-91.979,30.176],[-91.981,30.412],[-92.073,30.453],[-92.014,30.772],[-92.145,31.014],[-92.026,31.065],[-92.072,31.213],[-92.149,31.21],[-92.165,31.471],[-91.82,31.835],[-92.145,32.206],[-92.166,32.659],[-91.928,32.884],[-91.714,32.971],[-91.52,33.57],[-91.663,33.858],[-91.986,34.103],[-92.27,34.758],[-92.0,34.983],[-92.015,35.084],[-91.911,35.083],[-91.444,35.434],[-91.396,35.511],[-91.528,35.712],[-91.396,35.725],[-90.749,36.497],[-90.291,36.828],[-90.2,37.03],[-89.808,37.23],[-89.805,37.302],[-89.552,37.299]]],[[[-89.881,37.082],[-90.205,36.948],[-90.201,36.871],[-90.086,36.901],[-90.042,36.793],[-90.108,36.523],[-90.612,36.202],[-90.836,35.842],[-90.679,35.712],[-90.815,35.078],[-90.705,34.884],[-90.666,35.821],[-90.433,36.167],[-90.05,36.486],[-90.043,36.675],[-89.819,36.908],[-89.87,36.952],[-89.806,37.075],[-89.881,37.082]]],[[[-91.901,29.639],[-91.704,29.567],[-91.821,29.474],[-92.036,29.578],[-91.901,29.639]]],[[[-91.892,32.847],[-92.028,32.648],[-92.007,32.544],[-91.783,32.887],[-91.892,32.847]]],[[[-90.611,34.5],[-90.723,34.765],[-90.721,34.611],[-90.611,34.5]]],[[[-88.878,30.053],[-88.817,29.934],[-88.852,29.779],[-88.878,30.053]]],[[[-89.181,29.329],[-89.138,29.287],[-89.258,29.199],[-89.181,29.329]]],[[[-89.125,29.232],[-89.209,29.147],[-89.265,29.192],[-89.125,29.232]]]]}},{"type":"Feature","properties":{"gid":"74","name":"Mississippi Valley Loess Plains","l2":"Southeastern USA Plains","l1":"Eastern Temperate Forests"},"geometry":{"type":"MultiPolygon","coordinates":[[[[-88.943,37.2],[-88.657,37.105],[-88.553,36.929],[-88.446,36.944],[-88.546,37.044],[-88.343,37.031],[-88.24,36.68],[-88.151,36.687],[-88.228,36.611],[-88.223,36.453],[-88.424,36.493],[-88.781,36.374],[-88.664,36.294],[-88.93,35.947],[-88.817,35.724],[-88.836,35.596],[-89.123,35.474],[-89.164,35.343],[-89.305,35.254],[-89.272,35.105],[-89.101,34.978],[-89.159,34.838],[-89.334,34.809],[-89.401,34.695],[-89.674,34.608],[-89.85,34.438],[-89.772,34.237],[-89.842,33.906],[-89.776,33.738],[-89.841,33.612],[-89.696,33.52],[-89.678,33.294],[-89.92,32.866],[-89.639,32.666],[-90.015,32.42],[-89.967,32.234],[-90.182,32.004],[-90.14,31.829],[-90.356,31.687],[-90.438,31.417],[-90.407,31.199],[-90.821,30.959],[-90.826,30.687],[-90.679,30.666],[-90.702,30.571],[-90.517,30.416],[-90.541,30.35],[-90.836,30.31],[-90.795,30.204],[-90.947,30.161],[-91.01,30.322],[-91.178,30.409],[-91.297,30.688],[-91.568,30.937],[-91.541,31.106],[-91.354,31.339],[-91.45,31.381],[-91.425,31.544],[-90.963,32.108],[-90.781,32.52],[-90.576,32.617],[-90.198,33.1],[-90.005,33.758],[-90.08,34.079],[-90.026,34.321],[-90.217,34.625],[-90.037,35.192],[-90.076,35.301],[-89.835,35.599],[-89.887,35.613],[-89.434,35.969],[-89.495,36.109],[-89.374,36.178],[-89.425,36.26],[-89.309,36.471],[-89.098,36.6],[-89.091,37.008],[-88.943,37.2]]],[[[-89.831,37.087],[-89.819,36.908],[-90.043,36.675],[-90.05,36.486],[-90.433,36.167],[-90.666,35.821],[-90.705,34.884],[-90.815,35.078],[-90.679,35.712],[-90.836,35.842],[-90.612,36.202],[-90.108,36.523],[-90.042,36.793],[-90.086,36.901],[-90.201,36.871],[-90.204,36.95],[-89.831,37.087]]],[[[-90.61,34.501],[-90.721,34.611],[-90.723,34.765],[-90.61,34.501]]]]}},{"type":"Feature","properties":{"gid":"75","name":"Southern Coastal Plain","l2":"Mississippi Alluvial And Southeast USA Coastal Plains","l1":"Eastern Temperate Forests"},"geometry":{"type":"MultiPolygon","coordinates":[[[[-80.915,29.013],[-80.748,28.743],[-80.85,28.799],[-80.82,28.652],[-80.748,28.743],[-80.635,28.657],[-80.918,29.073],[-80.575,28.585],[-80.527,28.452],[-80.641,28.41],[-80.594,28.577],[-80.719,28.407],[-80.726,28.605],[-80.82,28.65],[-80.188,27.175],[-80.323,27.24],[-80.16,27.164],[-80.046,26.856],[-80.144,26.703],[-80.309,26.677],[-80.705,27.164],[-80.826,27.201],[-81.184,26.85],[-80.976,26.6],[-80.922,26.383],[-80.974,26.31],[-81.075,26.42],[-81.209,26.415],[-81.169,26.264],[-81.36,26.322],[-81.551,26.258],[-81.557,26.406],[-81.772,26.521],[-81.802,26.096],[-81.854,26.445],[-82.013,26.488],[-81.778,26.708],[-82.035,26.529],[-82.062,26.952],[-82.209,26.958],[-82.151,26.784],[-82.282,26.815],[-82.571,27.402],[-82.692,27.474],[-82.395,27.765],[-82.411,27.952],[-82.49,27.919],[-82.473,27.822],[-82.534,27.833],[-82.528,27.938],[-82.697,28.037],[-82.729,27.934],[-82.583,27.879],[-82.679,27.694],[-82.849,27.871],[-82.668,28.433],[-82.638,28.89],[-82.776,28.942],[-82.727,28.995],[-82.804,29.167],[-83.053,29.174],[-83.22,29.426],[-83.396,29.518],[-83.401,29.674],[-83.999,30.105],[-84.34,30.075],[-84.393,29.997],[-84.342,29.97],[-84.446,29.985],[-84.349,29.897],[-84.512,29.917],[-84.888,29.722],[-84.852,29.816],[-84.993,29.715],[-85.345,29.655],[-85.418,29.836],[-85.36,29.678],[-85.317,29.839],[-85.686,30.123],[-85.466,30.016],[-85.392,30.052],[-85.733,30.176],[-85.608,30.278],[-85.851,30.282],[-85.741,30.217],[-85.734,30.121],[-86.097,30.306],[-86.514,30.393],[-86.118,30.38],[-86.2,30.503],[-86.421,30.451],[-86.5,30.522],[-86.602,30.401],[-87.183,30.342],[-86.874,30.44],[-87.022,30.505],[-86.988,30.579],[-87.093,30.439],[-87.19,30.583],[-87.176,30.426],[-87.351,30.361],[-87.267,30.344],[-87.498,30.313],[-87.34,30.43],[-87.438,30.5],[-87.4,30.424],[-87.559,30.271],[-88.028,30.223],[-87.755,30.282],[-87.908,30.412],[-87.998,30.776],[-88.128,30.338],[-88.358,30.407],[-88.479,30.319],[-88.729,30.343],[-88.849,30.435],[-89.282,30.304],[-89.35,30.372],[-89.325,30.31],[-89.464,30.174],[-89.699,30.185],[-90.172,30.412],[-90.514,30.407],[-90.704,30.593],[-90.505,30.744],[-90.35,30.548],[-89.905,30.5],[-89.804,30.784],[-89.796,30.633],[-89.573,30.454],[-89.253,30.412],[-89.1,30.518],[-88.715,30.508],[-88.641,30.615],[-88.775,30.789],[-88.722,30.839],[-88.348,30.444],[-88.25,30.438],[-88.014,31.081],[-87.912,31.134],[-87.857,31.067],[-87.891,30.457],[-87.678,30.306],[-87.452,30.409],[-87.452,30.557],[-87.357,30.499],[-87.226,30.55],[-87.26,30.69],[-87.165,30.598],[-86.836,30.632],[-86.959,30.512],[-86.802,30.47],[-86.503,30.574],[-85.917,30.558],[-85.865,30.695],[-85.853,30.478],[-85.677,30.373],[-85.342,30.421],[-84.88,30.28],[-84.404,30.499],[-84.272,30.396],[-83.837,30.345],[-83.819,30.548],[-83.614,30.508],[-83.581,30.365],[-83.388,30.413],[-83.316,30.11],[-83.22,30.04],[-82.595,29.853],[-82.514,29.947],[-82.571,30.185],[-83.061,30.6],[-83.1,30.844],[-83.169,30.797],[-83.256,30.855],[-83.121,31.094],[-83.259,31.167],[-83.259,31.345],[-82.987,31.434],[-82.962,31.335],[-82.753,31.407],[-82.731,31.608],[-82.816,31.601],[-82.822,31.732],[-82.694,31.839],[-82.379,31.885],[-82.348,31.799],[-82.075,31.801],[-81.948,31.721],[-81.859,31.982],[-81.915,32.039],[-81.988,32.021],[-81.951,31.939],[-82.032,31.972],[-82.055,32.169],[-81.951,32.157],[-81.979,32.078],[-81.803,32.086],[-81.809,32.212],[-81.571,32.433],[-81.499,32.65],[-81.552,32.68],[-81.432,32.887],[-81.319,32.628],[-81.138,32.495],[-81.112,32.26],[-81.012,32.165],[-80.863,32.25],[-80.941,32.293],[-80.881,32.49],[-80.936,32.592],[-80.849,32.575],[-80.848,32.633],[-80.689,32.555],[-80.793,32.693],[-80.702,32.726],[-80.618,32.654],[-80.552,32.785],[-80.389,32.688],[-80.208,32.739],[-80.077,32.836],[-80.15,32.927],[-80.051,32.886],[-80.047,32.974],[-79.955,32.948],[-79.981,33.147],[-79.821,33.101],[-79.881,32.926],[-79.711,32.952],[-79.316,33.29],[-79.43,33.362],[-79.294,33.495],[-78.996,33.579],[-79.141,33.394],[-79.173,33.207],[-79.289,33.34],[-79.191,33.17],[-79.453,33.059],[-79.41,33.014],[-79.493,33.0],[-79.454,33.073],[-79.565,33.018],[-79.578,32.908],[-79.757,32.809],[-79.932,32.802],[-79.868,32.733],[-79.993,32.608],[-80.413,32.471],[-80.856,32.531],[-80.759,32.278],[-80.915,32.084],[-80.848,31.988],[-81.026,31.934],[-80.929,31.908],[-80.993,31.857],[-81.142,31.858],[-81.161,31.728],[-81.275,31.79],[-81.13,31.626],[-81.295,31.536],[-81.329,31.334],[-81.436,31.342],[-81.372,31.323],[-81.433,31.303],[-81.484,31.111],[-81.426,31.047],[-81.519,30.972],[-81.469,30.922],[-81.534,30.827],[-81.426,30.7],[-81.455,30.511],[-81.307,29.829],[-80.915,29.013]]],[[[-80.616,32.502],[-80.457,32.409],[-80.632,32.256],[-80.691,32.477],[-80.616,32.502]]],[[[-80.736,32.535],[-80.662,32.437],[-80.742,32.352],[-80.811,32.475],[-80.736,32.535]]],[[[-81.337,31.309],[-81.258,31.259],[-81.411,31.136],[-81.396,31.297],[-81.337,31.309]]],[[[-80.592,28.408],[-80.592,28.187],[-80.457,27.856],[-80.612,28.169],[-80.644,28.406],[-80.592,28.408]]],[[[-81.404,30.958],[-81.455,30.714],[-81.512,30.882],[-81.404,30.958]]],[[[-80.663,28.409],[-80.604,28.142],[-80.732,28.404],[-80.663,28.409]]],[[[-81.108,31.853],[-81.037,31.813],[-81.138,31.721],[-81.176,31.816],[-81.108,31.853]]],[[[-86.592,30.4],[-86.515,30.387],[-87.302,30.329],[-86.592,30.4]]],[[[-80.724,32.271],[-80.669,32.217],[-80.824,32.109],[-80.724,32.271]]],[[[-82.124,26.698],[-82.062,26.493],[-82.182,26.682],[-82.124,26.698]]],[[[-80.447,27.86],[-80.285,27.474],[-80.326,27.498],[-80.447,27.86]]],[[[-81.19,31.534],[-81.281,31.384],[-81.294,31.488],[-81.19,31.534]]],[[[-80.291,27.467],[-80.155,27.169],[-80.317,27.459],[-80.291,27.467]]],[[[-81.274,29.904],[-81.229,29.707],[-81.308,29.857],[-81.274,29.904]]],[[[-82.833,27.965],[-82.784,27.783],[-82.849,27.86],[-82.833,27.965]]]]}},{"type":"Feature","properties":{"gid":"76","name":"Southern Florida Coastal Plain","l2":"Everglades","l1":"Tropical Wet Forests"},"geometry":{"type":"MultiPolygon","coordinates":[[[[-80.278,26.666],[-80.144,26.703],[-80.046,26.856],[-80.121,25.901],[-80.309,25.608],[-80.306,25.386],[-80.418,25.2],[-80.259,25.327],[-80.582,24.951],[-80.386,25.164],[-80.441,25.244],[-80.496,25.223],[-80.427,25.127],[-80.52,25.222],[-80.673,25.139],[-80.808,25.184],[-81.089,25.117],[-81.172,25.223],[-81.145,25.327],[-80.982,25.207],[-80.91,25.264],[-81.149,25.388],[-81.083,25.431],[-81.21,25.507],[-81.157,25.558],[-81.286,25.679],[-81.18,25.696],[-81.265,25.802],[-81.528,25.851],[-81.52,25.916],[-81.632,25.896],[-81.76,26.001],[-81.786,26.511],[-81.557,26.406],[-81.551,26.258],[-81.36,26.322],[-81.169,26.264],[-81.209,26.415],[-81.075,26.42],[-80.974,26.31],[-80.922,26.383],[-80.976,26.6],[-81.183,26.855],[-81.136,26.966],[-80.793,27.207],[-80.278,26.666]]],[[[-81.295,25.802],[-81.3,25.694],[-81.377,25.767],[-81.295,25.802]]]]}},{"type":"Feature","properties":{"gid":"77","name":"North Cascades","l2":"Western Cordillera","l1":"Northwestern Forested Mountains"},"geometry":{"type":"MultiPolygon","coordinates":[[[[-121.323,49.001],[-119.498,48.965],[-119.451,48.828],[-119.617,48.823],[-119.52,48.651],[-119.592,48.595],[-119.542,48.528],[-119.772,48.55],[-119.58,48.446],[-119.808,48.295],[-119.809,48.163],[-120.048,48.189],[-119.998,48.415],[-120.22,48.603],[-120.309,48.527],[-120.263,48.329],[-120.098,48.322],[-120.253,48.284],[-119.884,47.95],[-119.98,47.949],[-119.974,47.847],[-120.184,47.95],[-120.019,47.838],[-120.144,47.855],[-120.247,47.695],[-120.35,47.688],[-120.273,47.599],[-120.508,47.515],[-120.362,47.313],[-120.58,47.333],[-120.644,47.201],[-121.024,47.146],[-121.734,47.438],[-121.808,47.784],[-121.626,47.846],[-121.903,48.013],[-121.927,48.101],[-121.858,48.116],[-121.985,48.123],[-121.981,48.217],[-122.124,48.319],[-122.062,48.33],[-122.206,48.412],[-122.026,48.519],[-122.206,48.532],[-122.352,48.756],[-122.175,49.002],[-121.323,49.001]]],[[[-123.66,47.943],[-123.563,47.854],[-123.514,47.91],[-123.443,47.801],[-123.417,47.856],[-123.579,47.999],[-123.403,48.016],[-123.444,47.96],[-123.206,47.955],[-123.307,47.918],[-123.252,47.878],[-123.115,47.936],[-123.02,47.814],[-123.113,47.741],[-123.306,47.774],[-123.171,47.709],[-123.32,47.646],[-123.114,47.665],[-123.341,47.54],[-123.287,47.605],[-123.405,47.586],[-123.376,47.68],[-123.533,47.618],[-123.702,47.695],[-123.627,47.77],[-123.821,47.783],[-123.664,47.872],[-123.796,47.895],[-123.779,47.963],[-123.66,47.943]]]]}},{"type":"Feature","properties":{"gid":"78","name":"Klamath Mountains/California High North Coast Range","l2":"Western Cordillera","l1":"Northwestern Forested Mountains"},"geometry":{"type":"MultiPolygon","coordinates":[[[[-123.184,43.603],[-123.239,43.54],[-123.009,43.286],[-123.138,43.191],[-123.027,43.079],[-123.05,42.979],[-122.909,42.91],[-122.95,42.69],[-122.536,42.736],[-122.665,42.644],[-122.407,42.318],[-122.703,42.298],[-122.559,42.247],[-122.503,42.094],[-122.371,42.089],[-122.563,41.959],[-122.525,41.783],[-122.689,41.675],[-122.55,41.642],[-122.587,41.505],[-122.306,41.278],[-121.789,41.144],[-121.905,41.097],[-121.862,40.994],[-121.977,40.962],[-121.922,40.771],[-122.468,40.727],[-122.557,40.509],[-122.928,40.437],[-122.941,40.311],[-122.678,40.024],[-122.695,39.861],[-122.804,39.87],[-122.64,39.765],[-122.859,39.808],[-122.751,39.747],[-122.779,39.663],[-122.704,39.697],[-122.735,39.641],[-122.657,39.635],[-122.647,39.41],[-122.73,39.336],[-122.589,39.317],[-122.646,39.262],[-122.591,39.219],[-122.802,39.279],[-122.86,39.398],[-122.803,39.463],[-122.944,39.394],[-122.665,39.154],[-122.71,39.089],[-123.225,39.341],[-123.219,39.124],[-123.369,39.191],[-123.301,39.27],[-123.438,39.36],[-123.417,39.441],[-123.564,39.601],[-123.578,39.794],[-123.783,40.088],[-123.78,40.318],[-123.862,40.368],[-123.827,40.466],[-123.937,40.636],[-123.715,40.752],[-123.865,41.031],[-123.85,41.368],[-124.075,41.793],[-124.013,41.993],[-124.111,42.042],[-124.076,42.102],[-124.168,42.09],[-124.133,42.192],[-124.276,42.092],[-124.369,42.252],[-124.255,42.285],[-124.357,42.3],[-124.3,42.378],[-124.378,42.401],[-124.289,42.49],[-124.216,42.444],[-124.236,42.538],[-124.111,42.657],[-123.656,42.854],[-123.788,42.983],[-123.371,43.553],[-123.445,43.684],[-123.335,43.708],[-123.184,43.603]]]]}},{"type":"Feature","properties":{"gid":"79","name":"Madrean Archipelago","l2":"Western Sierra Madre Piedmont","l1":"Southern SEmi-Arid Highlands"},"geometry":{"type":"MultiPolygon","coordinates":[[[[-110.472,33.553],[-110.027,33.427],[-109.588,33.143],[-109.478,33.385],[-109.479,33.136],[-109.411,33.083],[-109.202,33.201],[-109.27,33.072],[-109.14,33.005],[-109.333,32.973],[-109.226,32.903],[-109.103,32.6],[-109.2,32.523],[-109.079,32.494],[-108.977,32.327],[-108.857,31.884],[-108.675,31.909],[-108.522,31.591],[-108.402,31.709],[-108.271,31.61],[-108.255,31.333],[-111.075,31.332],[-111.66,31.526],[-111.676,32.029],[-111.471,32.008],[-111.415,31.746],[-111.301,31.962],[-111.113,32.009],[-111.049,31.693],[-110.577,32.142],[-110.705,32.163],[-110.642,32.259],[-110.705,32.31],[-110.951,32.363],[-110.895,32.485],[-111.092,32.489],[-110.973,32.98],[-110.851,32.939],[-110.806,32.765],[-110.739,32.79],[-110.392,32.243],[-110.296,32.263],[-110.564,32.746],[-110.548,32.912],[-110.678,32.952],[-110.562,33.039],[-110.664,33.094],[-110.622,33.138],[-110.179,33.136],[-110.033,32.851],[-109.81,32.8],[-109.509,32.563],[-109.419,32.731],[-109.404,33.023],[-109.462,32.958],[-109.548,32.997],[-109.579,32.888],[-110.153,33.284],[-110.328,33.313],[-110.389,33.382],[-110.308,33.437],[-110.447,33.52],[-110.595,33.505],[-110.601,33.403],[-110.668,33.431],[-110.607,33.543],[-110.472,33.553]]]]}},{"type":"Feature","properties":{"gid":"8","name":"Southern California Mountains","l2":"Mediterranean California","l1":"Mediterranean California"},"geometry":{"type":"MultiPolygon","coordinates":[[[[-119.763,34.905],[-119.447,34.787],[-119.374,34.924],[-118.93,34.916],[-117.873,34.41],[-117.729,34.431],[-117.383,34.304],[-117.171,34.416],[-116.81,34.375],[-116.565,34.267],[-116.483,34.141],[-116.767,33.933],[-117.013,33.988],[-116.977,34.057],[-117.427,34.246],[-117.392,34.178],[-118.024,34.156],[-118.484,34.331],[-118.391,34.474],[-118.665,34.516],[-119.041,34.425],[-120.225,34.49],[-120.034,34.583],[-119.715,34.564],[-120.065,34.77],[-120.139,34.943],[-120.084,35.083],[-119.763,34.905]]],[[[-116.827,33.913],[-116.623,33.854],[-116.373,33.534],[-116.573,33.495],[-116.468,33.276],[-116.538,33.171],[-116.599,33.192],[-116.54,33.072],[-116.459,33.067],[-116.499,33.02],[-116.346,32.842],[-116.364,32.755],[-116.636,32.745],[-116.666,33.077],[-116.888,33.193],[-117.055,33.419],[-116.818,33.463],[-116.91,33.638],[-116.82,33.743],[-116.964,33.836],[-116.827,33.913]]]]}},{"type":"Feature","properties":{"gid":"80","name":"Northern Basin and Range","l2":"Cold Deserts","l1":"North American Deserts"},"geometry":{"type":"MultiPolygon","coordinates":[[[[-120.895,43.936],[-120.318,43.879],[-120.265,43.85],[-120.324,43.767],[-120.223,43.699],[-120.029,43.931],[-119.812,43.617],[-119.68,43.688],[-119.118,43.524],[-119.082,43.651],[-118.611,43.658],[-118.566,43.732],[-118.682,43.982],[-118.389,43.819],[-118.298,43.921],[-118.085,43.795],[-117.984,43.892],[-117.806,43.862],[-117.889,44.013],[-117.756,44.078],[-117.497,44.052],[-117.694,43.789],[-117.482,43.869],[-117.444,43.773],[-117.326,43.833],[-117.126,43.77],[-117.066,43.585],[-116.723,43.39],[-116.581,43.007],[-116.184,42.759],[-115.734,42.61],[-115.549,42.821],[-114.886,42.472],[-114.687,42.506],[-114.598,42.404],[-114.508,42.457],[-114.098,42.388],[-113.871,42.214],[-113.567,42.512],[-113.303,42.471],[-113.223,42.623],[-113.048,42.63],[-112.555,42.901],[-112.403,42.819],[-112.446,42.934],[-112.374,43.137],[-112.024,43.255],[-111.997,43.373],[-111.762,43.392],[-111.69,43.354],[-111.718,43.208],[-111.474,42.989],[-111.54,42.71],[-111.428,42.523],[-111.702,42.642],[-111.652,42.457],[-111.734,42.036],[-111.804,42.066],[-111.766,42.208],[-112.035,42.34],[-111.999,42.062],[-112.069,42.084],[-112.116,42.0],[-112.077,41.895],[-112.181,41.979],[-112.22,42.256],[-112.377,42.279],[-112.429,41.972],[-112.541,42.029],[-112.604,41.976],[-112.612,42.086],[-112.702,42.116],[-112.779,41.988],[-112.929,42.107],[-113.13,41.974],[-113.203,41.827],[-113.581,41.8],[-113.688,41.64],[-113.683,41.455],[-113.846,41.486],[-113.887,41.723],[-113.979,41.64],[-113.952,41.469],[-114.181,41.45],[-114.245,41.153],[-114.43,41.088],[-114.811,41.246],[-114.958,41.177],[-115.144,41.624],[-115.316,41.65],[-115.378,41.424],[-115.554,41.743],[-115.546,41.554],[-115.616,41.494],[-115.632,41.585],[-115.768,41.601],[-115.831,41.708],[-115.946,41.489],[-115.934,41.319],[-116.178,41.171],[-116.271,40.971],[-116.346,41.093],[-116.289,41.214],[-116.506,41.362],[-117.021,41.16],[-117.112,41.517],[-117.347,41.457],[-117.373,41.544],[-117.545,41.574],[-117.674,41.313],[-117.776,41.425],[-117.703,41.762],[-117.874,41.811],[-118.055,41.459],[-118.241,41.908],[-118.331,41.903],[-118.282,41.539],[-118.601,41.847],[-118.606,41.476],[-118.789,41.498],[-118.988,41.154],[-119.132,41.297],[-119.135,41.415],[-119.24,41.394],[-119.16,41.037],[-119.209,40.942],[-119.335,40.982],[-119.413,40.916],[-119.304,40.747],[-119.383,40.669],[-119.536,40.824],[-119.653,40.658],[-119.84,40.719],[-119.854,40.545],[-119.92,40.516],[-119.885,40.247],[-119.966,40.247],[-120.271,40.405],[-120.527,40.415],[-120.438,40.598],[-120.278,40.624],[-120.301,40.711],[-120.161,40.653],[-120.138,40.819],[-120.316,40.742],[-120.507,40.832],[-120.696,40.785],[-120.761,40.861],[-120.76,40.934],[-120.636,40.86],[-120.653,40.923],[-120.465,41.081],[-120.502,40.921],[-120.348,40.856],[-120.222,40.92],[-120.247,40.998],[-120.108,41.037],[-120.058,41.157],[-120.229,41.668],[-120.074,42.031],[-120.174,42.166],[-120.091,42.304],[-120.129,42.393],[-120.428,42.455],[-120.534,42.685],[-120.808,42.776],[-120.792,43.027],[-121.305,43.109],[-121.16,43.203],[-121.16,43.427],[-120.976,43.546],[-120.762,43.569],[-120.781,43.733],[-120.907,43.784],[-120.862,43.833],[-121.099,43.882],[-120.895,43.936]]]]}},{"type":"Feature","properties":{"gid":"81","name":"Sonoran Basin and Range","l2":"Warm Deserts","l1":"North American Deserts"},"geometry":{"type":"MultiPolygon","coordinates":[[[[-113.599,35.052],[-113.614,34.992],[-113.508,34.992],[-113.572,34.948],[-113.476,34.683],[-113.256,34.695],[-113.291,34.625],[-113.21,34.631],[-113.277,34.525],[-112.943,34.605],[-112.975,34.465],[-113.074,34.419],[-112.999,34.374],[-112.997,34.202],[-112.834,34.23],[-112.563,34.122],[-112.606,34.015],[-112.518,33.954],[-112.44,33.999],[-112.515,34.013],[-112.48,34.058],[-112.217,34.076],[-112.136,34.23],[-112.147,34.129],[-112.107,34.192],[-112.089,34.107],[-112.017,34.128],[-112.087,34.07],[-112.049,33.951],[-111.745,33.894],[-111.817,34.036],[-111.755,34.019],[-111.695,34.239],[-111.541,33.879],[-111.58,33.788],[-111.473,33.826],[-111.356,33.628],[-111.219,33.682],[-111.328,33.8],[-111.316,33.987],[-111.154,33.784],[-110.907,33.686],[-110.67,33.792],[-110.773,33.619],[-110.922,33.615],[-110.99,33.535],[-111.157,33.643],[-111.16,33.559],[-111.46,33.448],[-111.083,33.3],[-111.095,33.229],[-111.166,33.265],[-111.12,33.146],[-110.983,33.259],[-110.958,33.151],[-110.752,33.039],[-110.892,33.19],[-110.615,33.157],[-110.557,33.298],[-110.686,33.295],[-110.777,33.386],[-110.722,33.455],[-110.601,33.403],[-110.595,33.505],[-110.494,33.533],[-110.308,33.437],[-110.389,33.382],[-110.328,33.313],[-110.153,33.284],[-109.646,32.919],[-109.542,32.883],[-109.548,32.997],[-109.462,32.958],[-109.409,33.027],[-109.419,32.731],[-109.509,32.563],[-109.81,32.8],[-110.033,32.851],[-110.179,33.136],[-110.622,33.138],[-110.664,33.094],[-110.562,33.039],[-110.678,32.952],[-110.548,32.912],[-110.564,32.746],[-110.296,32.263],[-110.392,32.243],[-110.739,32.79],[-110.806,32.765],[-110.851,32.939],[-110.973,32.98],[-111.092,32.489],[-110.895,32.485],[-110.951,32.363],[-110.705,32.31],[-110.642,32.259],[-110.705,32.163],[-110.577,32.142],[-111.049,31.693],[-111.113,32.009],[-111.301,31.962],[-111.415,31.746],[-111.471,32.008],[-111.676,32.029],[-111.721,31.915],[-111.646,31.515],[-114.814,32.494],[-114.72,32.719],[-116.201,32.611],[-116.599,33.192],[-116.538,33.171],[-116.468,33.276],[-116.573,33.495],[-116.375,33.539],[-116.765,33.935],[-116.589,34.012],[-116.225,33.909],[-116.238,33.847],[-115.983,33.687],[-115.524,33.712],[-115.452,33.803],[-115.496,33.866],[-115.297,34.006],[-115.457,34.1],[-115.374,34.12],[-115.339,34.307],[-115.299,34.261],[-115.251,34.345],[-115.186,34.279],[-115.002,34.431],[-114.961,34.262],[-114.874,34.253],[-114.811,34.107],[-114.758,34.176],[-114.839,34.307],[-114.681,34.222],[-114.661,34.312],[-114.764,34.35],[-114.752,34.544],[-114.463,34.747],[-114.117,34.823],[-113.997,34.476],[-113.833,34.459],[-113.821,34.584],[-113.744,34.535],[-113.722,34.629],[-113.633,34.62],[-113.764,34.724],[-113.796,34.983],[-113.652,35.15],[-113.599,35.052]]]]}},{"type":"Feature","properties":{"gid":"82","name":"Acadian Plains and Hills","l2":"Mixed Wood Plains","l1":"Eastern Temperate Forests"},"geometry":{"type":"MultiPolygon","coordinates":[[[[-68.223,47.345],[-67.79,47.066],[-67.75,45.918],[-67.818,45.694],[-67.43,45.584],[-67.416,45.502],[-67.504,45.489],[-67.419,45.377],[-67.489,45.281],[-67.346,45.126],[-67.284,45.191],[-67.163,45.158],[-66.984,44.912],[-67.225,44.933],[-67.173,44.792],[-67.104,44.894],[-67.072,44.816],[-67.023,44.85],[-67.062,44.907],[-66.95,44.815],[-67.258,44.627],[-67.296,44.708],[-67.404,44.716],[-67.406,44.594],[-67.429,44.666],[-67.459,44.597],[-67.572,44.662],[-67.565,44.532],[-67.658,44.571],[-67.713,44.497],[-67.736,44.616],[-67.794,44.519],[-67.809,44.619],[-67.899,44.394],[-67.904,44.492],[-67.937,44.41],[-67.967,44.507],[-68.036,44.483],[-67.96,44.399],[-68.059,44.332],[-68.101,44.475],[-68.251,44.54],[-68.217,44.582],[-68.296,44.556],[-68.224,44.466],[-68.322,44.538],[-68.27,44.459],[-68.418,44.397],[-68.423,44.497],[-68.505,44.495],[-68.459,44.385],[-68.566,44.395],[-68.525,44.228],[-68.827,44.312],[-68.803,44.561],[-68.81,44.468],[-68.994,44.425],[-68.954,44.324],[-69.108,44.11],[-69.043,44.092],[-69.212,43.932],[-69.276,43.953],[-69.164,44.069],[-69.307,43.954],[-69.378,44.095],[-69.514,43.831],[-69.543,43.922],[-69.596,43.813],[-69.695,43.889],[-69.721,43.782],[-69.855,43.704],[-69.869,43.911],[-70.026,43.73],[-69.947,43.868],[-70.179,43.762],[-70.122,43.924],[-70.32,44.073],[-70.256,44.547],[-70.026,44.737],[-70.052,44.918],[-69.976,44.92],[-69.907,45.071],[-69.79,45.041],[-69.606,45.151],[-69.495,45.33],[-69.005,45.467],[-68.982,45.588],[-69.055,45.655],[-68.968,45.809],[-68.648,45.832],[-68.803,46.154],[-69.048,46.249],[-68.979,46.367],[-68.721,46.443],[-68.611,46.612],[-68.686,46.728],[-68.592,46.909],[-68.705,46.924],[-68.627,47.0],[-68.598,47.271],[-68.223,47.345]]],[[[-68.263,44.438],[-68.174,44.328],[-68.295,44.287],[-68.331,44.377],[-68.291,44.247],[-68.365,44.227],[-68.421,44.338],[-68.263,44.438]]],[[[-68.729,44.306],[-68.564,44.192],[-68.709,44.157],[-68.729,44.306]]]]}},{"type":"Feature","properties":{"gid":"83","name":"Eastern Great Lakes Lowlands","l2":"Mixed Wood Plains","l1":"Eastern Temperate Forests"},"geometry":{"type":"MultiPolygon","coordinates":[[[[-72.948,44.965],[-73.132,44.561],[-73.014,44.459],[-73.138,44.406],[-73.048,44.28],[-73.055,43.808],[-73.302,43.784],[-73.247,43.715],[-73.356,43.444],[-73.447,43.46],[-73.423,43.932],[-73.575,44.055],[-73.55,44.121],[-73.47,44.084],[-73.52,44.242],[-73.602,44.247],[-73.511,44.476],[-73.597,44.494],[-73.635,44.666],[-73.754,44.645],[-73.583,44.765],[-73.617,44.908],[-74.498,44.757],[-74.868,44.593],[-75.499,44.118],[-75.54,44.001],[-75.306,43.538],[-74.833,43.136],[-74.579,43.019],[-74.3,43.13],[-73.876,43.027],[-73.983,42.988],[-74.023,42.778],[-73.965,42.677],[-74.051,42.605],[-74.582,42.675],[-74.691,42.81],[-75.244,42.84],[-75.31,42.962],[-75.419,42.844],[-75.507,42.897],[-75.414,43.079],[-75.601,43.01],[-75.657,43.074],[-75.945,43.038],[-76.171,42.899],[-76.319,42.962],[-76.499,42.798],[-76.595,42.811],[-76.631,42.611],[-76.827,42.681],[-76.889,42.543],[-77.114,42.805],[-77.293,42.772],[-77.305,42.865],[-77.612,42.746],[-77.804,42.796],[-77.786,42.681],[-77.843,42.667],[-78.089,42.902],[-78.422,42.892],[-78.602,42.74],[-78.719,42.768],[-78.858,42.684],[-78.93,42.467],[-79.017,42.526],[-79.232,42.48],[-80.371,41.961],[-81.179,41.73],[-81.55,41.557],[-81.625,41.412],[-81.804,41.447],[-82.108,41.311],[-82.274,41.371],[-82.655,41.201],[-82.804,41.227],[-82.56,41.401],[-82.013,41.516],[-81.732,41.491],[-81.282,41.766],[-80.328,42.037],[-79.149,42.554],[-78.847,42.836],[-78.941,42.981],[-78.893,43.048],[-79.07,43.086],[-79.063,43.264],[-78.105,43.376],[-77.76,43.341],[-77.553,43.236],[-77.106,43.289],[-76.927,43.213],[-76.939,43.277],[-76.707,43.315],[-76.417,43.521],[-76.235,43.529],[-76.159,43.654],[-76.297,43.856],[-76.059,43.986],[-76.2,43.968],[-76.119,44.035],[-76.204,44.081],[-76.281,43.961],[-76.366,44.11],[-75.865,44.351],[-75.414,44.773],[-74.993,44.977],[-72.903,45.016],[-72.948,44.965]]],[[[-75.867,43.963],[-75.986,43.872],[-76.038,43.691],[-75.964,43.457],[-75.679,43.282],[-75.216,43.346],[-75.587,43.835],[-75.867,43.963]]],[[[-78.944,43.062],[-78.894,43.025],[-78.946,42.957],[-79.022,43.014],[-78.944,43.062]]]]}},{"type":"Feature","properties":{"gid":"84","name":"Atlantic Coastal Pine Barrens","l2":"Mississippi Alluvial And Southeast USA Coastal Plains","l1":"Eastern Temperate Forests"},"geometry":{"type":"MultiPolygon","coordinates":[[[[-74.233,40.562],[-74.261,40.464],[-73.983,40.403],[-74.046,40.317],[-73.984,40.322],[-73.983,40.447],[-74.094,39.765],[-74.052,40.069],[-74.151,40.006],[-74.084,39.941],[-74.198,39.95],[-74.106,39.927],[-74.159,39.711],[-74.337,39.579],[-74.3,39.517],[-74.461,39.558],[-74.378,39.483],[-74.488,39.412],[-74.447,39.362],[-74.653,39.319],[-74.628,39.248],[-74.765,39.058],[-74.964,38.932],[-74.779,39.213],[-74.951,39.337],[-74.918,39.402],[-74.98,39.353],[-74.96,39.474],[-75.025,39.394],[-75.072,39.525],[-75.031,39.297],[-75.365,39.413],[-75.428,39.687],[-74.736,40.129],[-74.766,40.239],[-74.233,40.562]]],[[[-73.563,40.63],[-73.941,40.542],[-73.743,40.631],[-73.839,40.662],[-73.918,40.631],[-73.88,40.58],[-74.013,40.578],[-73.824,40.674],[-73.501,40.66],[-73.339,40.842],[-72.622,40.972],[-72.288,41.157],[-72.23,41.162],[-72.405,41.076],[-72.429,40.978],[-72.64,40.916],[-72.477,40.898],[-72.313,41.041],[-72.104,40.991],[-71.856,41.071],[-72.475,40.838],[-72.413,40.872],[-73.563,40.63]]],[[[-70.145,42.076],[-69.978,41.932],[-69.95,41.641],[-69.95,41.766],[-69.963,41.653],[-70.406,41.65],[-70.487,41.554],[-70.687,41.522],[-70.661,41.683],[-70.556,41.773],[-70.299,41.705],[-70.02,41.786],[-69.988,41.914],[-70.068,41.885],[-70.098,42.034],[-70.246,42.063],[-70.145,42.076]]],[[[-70.635,41.956],[-70.539,41.927],[-70.489,41.78],[-70.679,41.746],[-70.674,41.692],[-70.779,41.757],[-70.797,41.922],[-70.635,41.956]]],[[[-70.603,41.483],[-70.509,41.35],[-70.451,41.422],[-70.45,41.349],[-70.838,41.346],[-70.603,41.483]]],[[[-70.033,41.38],[-69.972,41.247],[-70.235,41.283],[-70.071,41.304],[-70.033,41.38]]],[[[-72.755,40.769],[-73.061,40.665],[-73.312,40.625],[-72.755,40.769]]],[[[-74.118,39.772],[-74.14,39.691],[-74.303,39.503],[-74.118,39.772]]],[[[-73.25,40.641],[-73.576,40.573],[-73.5,40.614],[-73.25,40.641]]]]}},{"type":"Feature","properties":{"gid":"85","name":"Southern California/Northern Baja Coast","l2":"Mediterranean California","l1":"Mediterranean California"},"geometry":{"type":"MultiPolygon","coordinates":[[[[-120.41,34.476],[-118.978,34.425],[-118.665,34.516],[-118.384,34.473],[-118.484,34.331],[-118.024,34.156],[-117.392,34.178],[-117.427,34.246],[-117.263,34.188],[-116.977,34.057],[-117.013,33.988],[-116.747,33.916],[-116.964,33.836],[-116.82,33.743],[-116.91,33.638],[-116.818,33.463],[-117.055,33.419],[-116.888,33.193],[-116.666,33.077],[-116.636,32.745],[-116.364,32.755],[-116.345,32.84],[-116.201,32.611],[-117.125,32.534],[-117.227,32.698],[-117.105,32.603],[-117.128,32.688],[-117.216,32.728],[-117.245,32.667],[-117.21,32.795],[-117.253,32.759],[-117.394,33.213],[-118.115,33.752],[-118.412,33.741],[-118.443,33.983],[-119.131,34.1],[-119.266,34.261],[-119.563,34.415],[-120.41,34.476]]],[[[-120.236,34.008],[-120.046,34.036],[-119.968,33.943],[-120.12,33.894],[-120.236,34.008]]],[[[-119.918,34.078],[-119.52,34.034],[-119.818,33.96],[-119.918,34.078]]],[[[-118.605,33.479],[-118.37,33.409],[-118.305,33.308],[-118.466,33.326],[-118.605,33.479]]],[[[-118.593,33.036],[-118.35,32.818],[-118.5,32.851],[-118.593,33.036]]]]}},{"type":"Feature","properties":{"gid":"9","name":"Eastern Cascades Slopes and Foothills","l2":"Western Cordillera","l1":"Northwestern Forested Mountains"},"geometry":{"type":"MultiPolygon","coordinates":[[[[-120.558,47.331],[-120.252,47.312],[-120.231,47.119],[-120.792,47.154],[-120.772,46.993],[-120.67,46.956],[-120.785,46.918],[-120.744,46.789],[-120.904,46.806],[-120.853,46.769],[-120.962,46.647],[-120.87,46.6],[-120.984,46.423],[-120.658,46.054],[-120.353,45.986],[-120.41,45.84],[-120.586,45.792],[-120.893,45.893],[-121.282,45.615],[-121.145,45.45],[-121.257,45.229],[-121.414,45.156],[-121.269,45.074],[-121.422,45.022],[-121.361,44.959],[-121.451,44.901],[-121.368,44.661],[-121.46,44.625],[-121.412,44.511],[-121.544,44.293],[-121.316,44.059],[-121.123,44.026],[-121.084,43.865],[-120.869,43.837],[-120.907,43.784],[-120.779,43.726],[-120.766,43.563],[-120.976,43.546],[-121.16,43.427],[-121.16,43.203],[-121.295,43.094],[-120.792,43.027],[-120.808,42.776],[-120.54,42.689],[-120.438,42.461],[-120.171,42.432],[-120.091,42.304],[-120.174,42.166],[-120.074,42.031],[-120.229,41.663],[-120.058,41.157],[-120.094,41.061],[-120.343,40.857],[-120.502,40.921],[-120.463,41.082],[-120.653,40.923],[-120.637,40.86],[-120.768,40.927],[-120.696,40.785],[-120.673,40.838],[-120.319,40.742],[-120.152,40.822],[-120.116,40.773],[-120.165,40.65],[-120.301,40.711],[-120.278,40.624],[-120.436,40.599],[-120.576,40.4],[-120.678,40.428],[-120.561,40.506],[-120.717,40.618],[-120.841,40.572],[-120.785,40.707],[-120.898,40.882],[-121.121,40.835],[-121.53,41.049],[-121.581,41.13],[-121.3,41.112],[-121.245,41.005],[-121.162,41.059],[-121.236,41.248],[-121.463,41.376],[-121.408,41.515],[-121.476,41.666],[-121.772,41.721],[-121.932,41.548],[-121.992,41.732],[-122.099,41.772],[-122.175,41.941],[-122.28,41.957],[-122.33,41.913],[-122.266,41.766],[-122.349,41.673],[-122.192,41.575],[-122.422,41.447],[-122.426,41.367],[-122.605,41.534],[-122.548,41.64],[-122.693,41.718],[-122.525,41.783],[-122.564,41.957],[-122.353,42.091],[-122.352,42.271],[-122.215,42.332],[-122.028,42.271],[-122.129,42.737],[-121.891,42.93],[-121.992,43.112],[-121.933,43.28],[-121.991,43.294],[-121.882,43.323],[-121.992,43.36],[-121.882,43.804],[-121.557,43.991],[-121.537,44.101],[-121.746,44.219],[-121.688,44.58],[-121.757,44.613],[-121.648,44.668],[-121.686,44.979],[-121.533,45.123],[-121.602,45.18],[-121.477,45.258],[-121.462,45.412],[-121.492,45.474],[-121.645,45.457],[-121.674,45.567],[-121.553,45.588],[-121.643,45.635],[-121.584,45.706],[-121.759,45.83],[-121.657,46.087],[-121.413,46.11],[-121.363,46.202],[-121.415,46.319],[-121.271,46.382],[-121.34,46.427],[-121.26,46.565],[-121.336,46.654],[-121.168,46.81],[-121.329,46.864],[-121.261,46.943],[-121.374,46.932],[-121.18,46.979],[-121.289,47.026],[-121.25,47.092],[-121.045,47.077],[-121.167,47.216],[-121.024,47.146],[-120.737,47.18],[-120.558,47.331]]],[[[-121.266,43.672],[-121.19,43.76],[-121.29,43.765],[-121.266,43.672]]]]}}]}